{"is_source_file": true, "format": "JavaScript", "description": "This file defines a custom React hook 'useNotes' that manages note objects (creation, update, deletion, search) stored in localStorage with versioning support. It includes internal functions for normalizing notes, seeding initial notes, and handling schema migrations, exposing various methods for note manipulation.", "external_files": ["./useLocalStorage", "../utils/uuid"], "external_methods": ["useCallback", "useMemo"], "published": ["useNotes"], "classes": [], "methods": [{"name": "normalizeNote(note)", "description": "Normalizes a note object by assigning default values and generating a UUID if missing.", "scope": "", "scopeKind": ""}, {"name": "seedNotes()", "description": "Creates initial seed notes with predefined content.", "scope": "", "scopeKind": ""}, {"name": "makeInitialEnvelope()", "description": "Creates the initial storage envelope containing the seed notes and version.", "scope": "", "scopeKind": ""}, {"name": "coerceEnvelope(raw)", "description": "Converts raw data into a normalized envelope object, supporting legacy formats.", "scope": "", "scopeKind": ""}, {"name": "useNotes()", "scope": "", "scopeKind": "", "description": "unavailable"}], "calls": ["useLocalStorage", "useCallback", "useMemo", "coerceEnvelope", "setEnvelope", "generateNote", "normalizeNote", "setNotes", "getNoteById", "sort", "filter"], "search-terms": ["useNotes", "localStorage", "note management", "note schema", "note normalization", "seed notes", "versioned schema", "React custom hook"], "state": 2, "file_id": 23, "knowledge_revision": 90, "git_revision": "e28d3a7d05c21d6cc9b61bdf7b6b59171df63f0b", "revision_history": [{"67": "4ab1ca9a6f9ece0e25f7639196ceddb6d532b28d"}, {"90": "e28d3a7d05c21d6cc9b61bdf7b6b59171df63f0b"}], "ctags": [{"_type": "tag", "name": "STORAGE_KEY", "path": "/home/kavia/workspace/code-generation/simple-notes-application-304749-304832/notes_app_frontend/src/hooks/useNotes.js", "pattern": "/^const STORAGE_KEY = \"ocean-notes:v1\";$/", "language": "JavaScript", "kind": "constant"}, {"_type": "tag", "name": "STORAGE_VERSION", "path": "/home/kavia/workspace/code-generation/simple-notes-application-304749-304832/notes_app_frontend/src/hooks/useNotes.js", "pattern": "/^const STORAGE_VERSION = 1;$/", "language": "JavaScript", "kind": "constant"}, {"_type": "tag", "name": "coerceEnvelope", "path": "/home/kavia/workspace/code-generation/simple-notes-application-304749-304832/notes_app_frontend/src/hooks/useNotes.js", "pattern": "/^function coerceEnvelope(raw) {$/", "language": "JavaScript", "kind": "function", "signature": "(raw)"}, {"_type": "tag", "name": "makeInitialEnvelope", "path": "/home/kavia/workspace/code-generation/simple-notes-application-304749-304832/notes_app_frontend/src/hooks/useNotes.js", "pattern": "/^function makeInitialEnvelope() {$/", "language": "JavaScript", "kind": "function", "signature": "()"}, {"_type": "tag", "name": "normalizeNote", "path": "/home/kavia/workspace/code-generation/simple-notes-application-304749-304832/notes_app_frontend/src/hooks/useNotes.js", "pattern": "/^function normalizeNote(note) {$/", "language": "JavaScript", "kind": "function", "signature": "(note)"}, {"_type": "tag", "name": "seedNotes", "path": "/home/kavia/workspace/code-generation/simple-notes-application-304749-304832/notes_app_frontend/src/hooks/useNotes.js", "pattern": "/^function seedNotes() {$/", "language": "JavaScript", "kind": "function", "signature": "()"}, {"_type": "tag", "name": "useNotes", "path": "/home/kavia/workspace/code-generation/simple-notes-application-304749-304832/notes_app_frontend/src/hooks/useNotes.js", "pattern": "/^export function useNotes() {$/", "language": "JavaScript", "kind": "function", "signature": "()"}], "hash": "fe4a8e223e5f716b7297bfc61dacc559", "format-version": 4, "code-base-name": "notes_app_frontend", "filename": "notes_app_frontend/src/hooks/useNotes.js"}