{"is_source_file": true, "format": "JavaScript", "description": "This file contains the React component 'NoteEditor', which provides an interface for editing notes in a note-taking application. It manages state related to editing modes, handles rendering of editing controls and preview, and includes UI components for user interaction.", "external_files": ["./ui/Card", "./ui/Toolbar", "./ui/Badge", "./ui/Button", "./ui/IconButton", "./ui/Input", "./ui/TextArea", "./NoteViewer", "./EmptyState"], "external_methods": [], "published": ["NoteEditor"], "classes": [], "methods": [{"name": "EyeIcon()", "description": "React functional component returning SVG for 'eye' icon used to toggle preview mode.", "scope": "", "scopeKind": ""}, {"name": "TrashIcon()", "description": "React functional component returning SVG for 'trash' icon used to delete a note.", "scope": "", "scopeKind": ""}, {"name": "NoteEditor({ note, savingState,  onChangeTitle, onChangeBody, onRequestDelete, })", "description": "Main React component providing note editing UI, managing modes, and handling user interactions.", "scope": "", "scopeKind": ""}], "calls": ["React.useEffect", "React.useMemo", "React.useState", "setPreviewMode"], "search-terms": ["NoteEditor", "Markdown editing", "React note editor", "split view", "Preview toggle", "Editing modes"], "state": 2, "file_id": 40, "knowledge_revision": 84, "git_revision": "4ab1ca9a6f9ece0e25f7639196ceddb6d532b28d", "ctags": [{"_type": "tag", "name": "EyeIcon", "path": "/home/kavia/workspace/code-generation/simple-notes-application-304749-304832/notes_app_frontend/src/components/NoteEditor.js", "pattern": "/^function EyeIcon() {$/", "language": "JavaScript", "kind": "function", "signature": "()"}, {"_type": "tag", "name": "NoteEditor", "path": "/home/kavia/workspace/code-generation/simple-notes-application-304749-304832/notes_app_frontend/src/components/NoteEditor.js", "pattern": "/^export function NoteEditor({$/", "language": "JavaScript", "kind": "function", "signature": "({ note, savingState,  onChangeTitle, onChangeBody, onRequestDelete, })"}, {"_type": "tag", "name": "TrashIcon", "path": "/home/kavia/workspace/code-generation/simple-notes-application-304749-304832/notes_app_frontend/src/components/NoteEditor.js", "pattern": "/^function TrashIcon() {$/", "language": "JavaScript", "kind": "function", "signature": "()"}, {"_type": "tag", "name": "null", "path": "/home/kavia/workspace/code-generation/simple-notes-application-304749-304832/notes_app_frontend/src/components/NoteEditor.js", "pattern": "/^            actionLabel={null}$/", "language": "JavaScript", "kind": "field", "scope": "NoteEditor.actionLabel", "scopeKind": "class"}], "hash": "af7877a6a12e6e3982e44cbfe4051034", "format-version": 4, "code-base-name": "notes_app_frontend", "filename": "notes_app_frontend/src/components/NoteEditor.js", "fields": [{"name": "actionLabel={null}", "scope": "NoteEditor.actionLabel", "scopeKind": "class", "description": "unavailable"}], "revision_history": [{"84": "4ab1ca9a6f9ece0e25f7639196ceddb6d532b28d"}]}