{"is_source_file": true, "format": "JavaScript (React)", "description": "A React functional component that renders a small, accessible loading spinner with a label.", "external_files": ["react"], "external_methods": [], "published": ["Spinner"], "classes": [], "methods": [{"name": "Spinner({ label = \"Loading\" })", "description": "A React functional component that displays a spinner with an accessible label.", "scope": "", "scopeKind": ""}], "calls": ["React"], "search-terms": ["Spinner", "Loading", "React component", "accessible spinner", "UI"], "state": 2, "file_id": 31, "knowledge_revision": 75, "git_revision": "4ab1ca9a6f9ece0e25f7639196ceddb6d532b28d", "ctags": [{"_type": "tag", "name": "Spinner", "path": "/home/kavia/workspace/code-generation/simple-notes-application-304749-304832/notes_app_frontend/src/components/ui/Spinner.js", "pattern": "/^export function Spinner({ label = \"Loading\" }) {$/", "language": "JavaScript", "kind": "function", "signature": "({ label = \"Loading\" })"}], "hash": "e31e9502cf085961f4b73adb377eb55b", "format-version": 4, "code-base-name": "notes_app_frontend", "filename": "notes_app_frontend/src/components/ui/Spinner.js", "revision_history": [{"75": "4ab1ca9a6f9ece0e25f7639196ceddb6d532b28d"}]}