{"is_source_file": true, "format": "JavaScript (React)", "description": "This file defines a React functional component named AppHeader, which renders the application's header bar with branding and optional right-side content.", "external_files": ["react"], "external_methods": [], "published": ["AppHeader"], "classes": [], "methods": [{"name": "AppHeader({ right })", "description": "A React functional component that renders the header section of the application, including branding elements and optional right-aligned content.", "scope": "", "scopeKind": ""}], "calls": [], "search-terms": ["React", "AppHeader", "header", "branding", "component"], "state": 2, "file_id": 34, "knowledge_revision": 78, "git_revision": "4ab1ca9a6f9ece0e25f7639196ceddb6d532b28d", "ctags": [{"_type": "tag", "name": "AppHeader", "path": "/home/kavia/workspace/code-generation/simple-notes-application-304749-304832/notes_app_frontend/src/components/AppHeader.js", "pattern": "/^export function AppHeader({ right }) {$/", "language": "JavaScript", "kind": "function", "signature": "({ right })"}], "hash": "46e53dc4877b9788dd123918f2ed9cef", "format-version": 4, "code-base-name": "notes_app_frontend", "filename": "notes_app_frontend/src/components/AppHeader.js", "revision_history": [{"78": "4ab1ca9a6f9ece0e25f7639196ceddb6d532b28d"}]}