{"is_source_file": true, "format": "JavaScript (React JSX)", "description": "This file defines a React functional component named `NoteListItem` used for rendering a note item within a list, including its title, snippet, and metadata, with selection and keyboard interaction support.", "external_files": ["../utils/datetime", "../types/note"], "external_methods": ["formatUpdatedAt"], "published": ["NoteListItem"], "classes": [], "methods": [{"name": "NoteListItem({ note, selected, onSelect, onKeyDown, tabIndex = -1, setButtonRef })", "description": "A React component that displays a note item with title, snippet, and metadata, handling selection and interactions.", "scope": "", "scopeKind": ""}], "calls": ["formatUpdatedAt(note.updatedAt)"], "search-terms": ["NoteListItem", "React component", "note rendering", "list item", "note snippet", "onSelect", "onKeyDown", "formatUpdatedAt", "src/components/NoteListItem.js"], "state": 2, "file_id": 37, "knowledge_revision": 88, "git_revision": "e28d3a7d05c21d6cc9b61bdf7b6b59171df63f0b", "revision_history": [{"81": "4ab1ca9a6f9ece0e25f7639196ceddb6d532b28d"}, {"88": "e28d3a7d05c21d6cc9b61bdf7b6b59171df63f0b"}], "ctags": [{"_type": "tag", "name": "NoteListItem", "path": "/home/kavia/workspace/code-generation/simple-notes-application-304749-304832/notes_app_frontend/src/components/NoteListItem.js", "pattern": "/^export function NoteListItem({ note, selected, onSelect, onKeyDown, tabIndex = -1, setButtonRef /", "language": "JavaScript", "kind": "function", "signature": "({ note, selected, onSelect, onKeyDown, tabIndex = -1, setButtonRef })"}, {"_type": "tag", "name": "selected", "path": "/home/kavia/workspace/code-generation/simple-notes-application-304749-304832/notes_app_frontend/src/components/NoteListItem.js", "pattern": "/^        aria-selected={selected}$/", "language": "JavaScript", "kind": "field", "scope": "NoteListItem.aria", "scopeKind": "class"}, {"_type": "tag", "name": "setButtonRef", "path": "/home/kavia/workspace/code-generation/simple-notes-application-304749-304832/notes_app_frontend/src/components/NoteListItem.js", "pattern": "/^        ref={setButtonRef}$/", "language": "JavaScript", "kind": "field", "scope": "NoteListItem.ref", "scopeKind": "class"}, {"_type": "tag", "name": "tabIndex", "path": "/home/kavia/workspace/code-generation/simple-notes-application-304749-304832/notes_app_frontend/src/components/NoteListItem.js", "pattern": "/^        tabIndex={tabIndex}$/", "language": "JavaScript", "kind": "field", "scope": "NoteListItem.tabIndex", "scopeKind": "class"}], "hash": "0e78b33e55728ff3d5d77f60ce926ca8", "format-version": 4, "code-base-name": "notes_app_frontend", "filename": "notes_app_frontend/src/components/NoteListItem.js", "fields": [{"name": "aria-selected={selected}", "scope": "NoteListItem.aria", "scopeKind": "class", "description": "unavailable"}, {"name": "ref={setButtonRef}", "scope": "NoteListItem.ref", "scopeKind": "class", "description": "unavailable"}, {"name": "tabIndex={tabIndex}", "scope": "NoteListItem.tabIndex", "scopeKind": "class", "description": "unavailable"}]}