{"is_source_file": true, "format": "JavaScript (React JSX)", "description": "This file defines a React functional component 'NoteViewer' that displays a note's title and body, rendering markdown to HTML for preview.", "external_files": ["../utils/markdown"], "external_methods": ["renderMarkdownToHtml"], "published": ["NoteViewer"], "classes": [], "methods": [{"name": "NoteViewer({ title, body })", "description": "React functional component that renders a note's title and markdown body.", "scope": "", "scopeKind": ""}], "calls": ["renderMarkdownToHtml"], "search-terms": ["NoteViewer", "renderMarkdownToHtml", "React", "Markdown preview"], "state": 2, "file_id": 39, "knowledge_revision": 83, "git_revision": "4ab1ca9a6f9ece0e25f7639196ceddb6d532b28d", "ctags": [{"_type": "tag", "name": "NoteViewer", "path": "/home/kavia/workspace/code-generation/simple-notes-application-304749-304832/notes_app_frontend/src/components/NoteViewer.js", "pattern": "/^export function NoteViewer({ title, body }) {$/", "language": "JavaScript", "kind": "function", "signature": "({ title, body })"}], "hash": "83cc90bb909faae30eb0eb47134d733d", "format-version": 4, "code-base-name": "notes_app_frontend", "filename": "notes_app_frontend/src/components/NoteViewer.js", "revision_history": [{"83": "4ab1ca9a6f9ece0e25f7639196ceddb6d532b28d"}]}