{"is_source_file": true, "format": "JavaScript (React JSX)", "description": "This file defines a React functional component called Input, which renders a labeled input field with optional class names and ID handling, used for reusable user input elements in the UI.", "external_files": ["react"], "external_methods": ["useId"], "published": ["Input"], "classes": [], "methods": [{"name": "Input({ label, className = \"\", id, ...props })", "description": "React component that renders a labeled input element with customizable properties, handling dynamic IDs and optional label rendering.", "scope": "", "scopeKind": ""}], "calls": ["React", "useId"], "search-terms": ["Input", "react", "label", "useId", "React component", "Input.js"], "state": 2, "file_id": 26, "knowledge_revision": 86, "git_revision": "e28d3a7d05c21d6cc9b61bdf7b6b59171df63f0b", "revision_history": [{"70": "4ab1ca9a6f9ece0e25f7639196ceddb6d532b28d"}, {"86": "e28d3a7d05c21d6cc9b61bdf7b6b59171df63f0b"}], "ctags": [{"_type": "tag", "name": "Input", "path": "/home/kavia/workspace/code-generation/simple-notes-application-304749-304832/notes_app_frontend/src/components/ui/Input.js", "pattern": "/^export function Input({ label, className = \"\", id, ...props }) {$/", "language": "JavaScript", "kind": "function", "signature": "({ label, className = \"\", id, ...props })"}, {"_type": "tag", "name": "kv-field ${className}", "path": "/home/kavia/workspace/code-generation/simple-notes-application-304749-304832/notes_app_frontend/src/components/ui/Input.js", "pattern": "/^    <div className={`kv-field ${className}`.trim()}>$/", "language": "JavaScript", "kind": "field", "scope": "Input.AnonymousClass51c5e92c0101", "scopeKind": "class"}], "hash": "c3c5112badc01e29af74b250ead0cfce", "format-version": 4, "code-base-name": "notes_app_frontend", "filename": "notes_app_frontend/src/components/ui/Input.js", "fields": [{"name": "<div className={`kv-field ${className}`.trim()}>", "scope": "Input.AnonymousClass51c5e92c0101", "scopeKind": "class", "description": "unavailable"}]}