{"is_source_file": true, "format": "JavaScript (React JSX)", "description": "This file defines a React functional component named Card, which renders a styled div container with optional classNames and children components.", "external_files": ["react"], "external_methods": [], "published": ["Card"], "classes": [], "methods": [{"name": "Card({ className = \"\", children })", "description": "React functional component that returns a styled div with optional className and children.", "scope": "", "scopeKind": ""}], "calls": ["React"], "search-terms": ["Card", "React", "UI component", "styled div", "border", "radius"], "state": 2, "file_id": 28, "knowledge_revision": 72, "git_revision": "4ab1ca9a6f9ece0e25f7639196ceddb6d532b28d", "ctags": [{"_type": "tag", "name": "Card", "path": "/home/kavia/workspace/code-generation/simple-notes-application-304749-304832/notes_app_frontend/src/components/ui/Card.js", "pattern": "/^export function Card({ className = \"\", children }) {$/", "language": "JavaScript", "kind": "function", "signature": "({ className = \"\", children })"}, {"_type": "tag", "name": "kv-panel ${className}", "path": "/home/kavia/workspace/code-generation/simple-notes-application-304749-304832/notes_app_frontend/src/components/ui/Card.js", "pattern": "/^  return <div className={`kv-panel ${className}`.trim()}>{children}<\\/div>;$/", "language": "JavaScript", "kind": "field", "scope": "Card.AnonymousClassa9c875760101", "scopeKind": "class"}], "hash": "64c77a7310cf9acd4a4d9087a193bbf9", "format-version": 4, "code-base-name": "notes_app_frontend", "filename": "notes_app_frontend/src/components/ui/Card.js", "fields": [{"name": "return <div className={`kv-panel ${className}`.trim()}>{children}<\\/div>;", "scope": "Card.AnonymousClassa9c875760101", "scopeKind": "class", "description": "unavailable"}], "revision_history": [{"72": "4ab1ca9a6f9ece0e25f7639196ceddb6d532b28d"}]}