{"is_source_file": true, "format": "JavaScript", "description": "This file defines a React hook called useDebouncedCallback that creates a debounced version of a callback function, cancelling the debounce on component unmount.", "external_files": ["../utils/debounce"], "external_methods": ["debounce"], "published": ["useDebouncedCallback"], "classes": [], "methods": [{"name": "useDebouncedCallback(callback, waitMs)", "description": "Creates and returns a debounced version of the provided callback that cancels on component unmount.", "scope": "", "scopeKind": ""}], "calls": ["debounce"], "search-terms": ["useDebouncedCallback", "debounce", "React hook", "useRef", "useMemo", "useEffect"], "state": 2, "file_id": 21, "knowledge_revision": 65, "git_revision": "4ab1ca9a6f9ece0e25f7639196ceddb6d532b28d", "ctags": [{"_type": "tag", "name": "useDebouncedCallback", "path": "/home/kavia/workspace/code-generation/simple-notes-application-304749-304832/notes_app_frontend/src/hooks/useDebouncedCallback.js", "pattern": "/^export function useDebouncedCallback(callback, waitMs) {$/", "language": "JavaScript", "kind": "function", "signature": "(callback, waitMs)"}], "hash": "9f45a896aaa6478542cb6d4ab068eb9d", "format-version": 4, "code-base-name": "notes_app_frontend", "filename": "notes_app_frontend/src/hooks/useDebouncedCallback.js", "revision_history": [{"65": "4ab1ca9a6f9ece0e25f7639196ceddb6d532b28d"}]}