{"is_source_file": false, "format": "", "description": "", "external_files": [], "external_methods": [], "published": [], "classes": [], "methods": [], "calls": [], "search-terms": [], "state": 2, "file_id": 7, "knowledge_revision": 27, "git_revision": "b9b94d7569c986aa5079501b99a29f20bca1029c", "hash": "64a760d0135c8d203ea610e030a00bb9", "format-version": 4, "code-base-name": "notes_app_frontend", "filename": "notes_app_frontend/src/index.css", "revision_history": [{"27": "b9b94d7569c986aa5079501b99a29f20bca1029c"}]}