{"is_source_file": true, "format": "JavaScript", "description": "This file defines a utility function 'debounce' that creates a debounced version of a given function, delaying its invocation until after a specified wait time of inactivity. It includes a cancel method to abort pending invocations.", "external_files": [], "external_methods": ["window.clearTimeout", "window.setTimeout"], "published": ["debounce"], "classes": [], "methods": [{"name": "debounce(fn, waitMs)", "description": "Creates a debounced version of the provided function, delaying execution until waitMs milliseconds have passed without new calls.", "scope": "", "scopeKind": ""}, {"name": "debounced(...args)", "scope": "debounce", "scopeKind": "function", "description": "unavailable"}], "calls": ["window.clearTimeout", "window.setTimeout", "fn"], "search-terms": ["debounce", "utility", "throttling", "timeout", "function wrapper"], "state": 2, "file_id": 16, "knowledge_revision": 60, "git_revision": "4ab1ca9a6f9ece0e25f7639196ceddb6d532b28d", "ctags": [{"_type": "tag", "name": "debounce", "path": "/home/kavia/workspace/code-generation/simple-notes-application-304749-304832/notes_app_frontend/src/utils/debounce.js", "pattern": "/^export function debounce(fn, waitMs) {$/", "language": "JavaScript", "kind": "function", "signature": "(fn, waitMs)"}, {"_type": "tag", "name": "debounced", "path": "/home/kavia/workspace/code-generation/simple-notes-application-304749-304832/notes_app_frontend/src/utils/debounce.js", "pattern": "/^  function debounced(...args) {$/", "language": "JavaScript", "kind": "function", "signature": "(...args)", "scope": "debounce", "scopeKind": "function"}], "hash": "3b1832dd23481bb47c6cb59960597042", "format-version": 4, "code-base-name": "notes_app_frontend", "filename": "notes_app_frontend/src/utils/debounce.js", "revision_history": [{"60": "4ab1ca9a6f9ece0e25f7639196ceddb6d532b28d"}]}