{"is_source_file": true, "format": "JavaScript (React JSX)", "description": "This file defines a React functional component named TextArea that renders a reusable textarea input with an optional label and custom styling classes.", "external_files": [], "external_methods": [], "published": ["TextArea"], "classes": [], "methods": [{"name": "TextArea({ label, className = \"\", ...props })", "description": "A React functional component that renders a labeled textarea with optional custom classes and props.", "scope": "", "scopeKind": ""}], "calls": ["React"], "search-terms": ["TextArea", "React component", "textarea with label", "kv-field", "kv-label"], "state": 2, "file_id": 27, "knowledge_revision": 71, "git_revision": "4ab1ca9a6f9ece0e25f7639196ceddb6d532b28d", "ctags": [{"_type": "tag", "name": "TextArea", "path": "/home/kavia/workspace/code-generation/simple-notes-application-304749-304832/notes_app_frontend/src/components/ui/TextArea.js", "pattern": "/^export function TextArea({ label, className = \"\", ...props }) {$/", "language": "JavaScript", "kind": "function", "signature": "({ label, className = \"\", ...props })"}, {"_type": "tag", "name": "kv-field ${className}", "path": "/home/kavia/workspace/code-generation/simple-notes-application-304749-304832/notes_app_frontend/src/components/ui/TextArea.js", "pattern": "/^    <div className={`kv-field ${className}`.trim()}>$/", "language": "JavaScript", "kind": "field", "scope": "TextArea.AnonymousClassce20f53a0101", "scopeKind": "class"}], "hash": "97547e4ba812f4decfca61ce2353f5a4", "format-version": 4, "code-base-name": "notes_app_frontend", "filename": "notes_app_frontend/src/components/ui/TextArea.js", "fields": [{"name": "<div className={`kv-field ${className}`.trim()}>", "scope": "TextArea.AnonymousClassce20f53a0101", "scopeKind": "class", "description": "unavailable"}], "revision_history": [{"71": "4ab1ca9a6f9ece0e25f7639196ceddb6d532b28d"}]}