{"is_source_file": true, "format": "JavaScript (React JSX)", "description": "A React functional component named Badge that renders a styled span element with different classes based on the 'variant' prop, used for status indicators or badges.", "external_files": [], "external_methods": ["React"], "published": ["Badge"], "classes": [], "methods": [{"name": "Badge({ variant = \"muted\", children })", "description": "A React functional component that renders a styled badge element with customizable variants.", "scope": "", "scopeKind": ""}], "calls": ["React"], "search-terms": ["Badge", "React", "status badge", "UI component", "props", "variant"], "state": 2, "file_id": 30, "knowledge_revision": 74, "git_revision": "4ab1ca9a6f9ece0e25f7639196ceddb6d532b28d", "ctags": [{"_type": "tag", "name": "Badge", "path": "/home/kavia/workspace/code-generation/simple-notes-application-304749-304832/notes_app_frontend/src/components/ui/Badge.js", "pattern": "/^export function Badge({ variant = \"muted\", children }) {$/", "language": "JavaScript", "kind": "function", "signature": "({ variant = \"muted\", children })"}, {"_type": "tag", "name": "cls", "path": "/home/kavia/workspace/code-generation/simple-notes-application-304749-304832/notes_app_frontend/src/components/ui/Badge.js", "pattern": "/^  return <span className={cls}>{children}<\\/span>;$/", "language": "JavaScript", "kind": "field", "scope": "Badge.AnonymousClassd64088ef0101", "scopeKind": "class"}], "hash": "756ca12b0c8ce06416a61bfaf5b67f0d", "format-version": 4, "code-base-name": "notes_app_frontend", "filename": "notes_app_frontend/src/components/ui/Badge.js", "fields": [{"name": "return <span className={cls}>{children}<\\/span>;", "scope": "Badge.AnonymousClassd64088ef0101", "scopeKind": "class", "description": "unavailable"}], "revision_history": [{"74": "4ab1ca9a6f9ece0e25f7639196ceddb6d532b28d"}]}