{"is_source_file": true, "format": "JavaScript", "description": "This file defines a JSDoc typedef for a Note object structure, including its properties such as id, title, body, createdAt, and updatedAt.", "external_files": [], "external_methods": [], "published": [], "classes": [], "methods": [], "calls": [], "search-terms": ["Note", "typedef", "object structure", "note.js"], "state": 2, "file_id": 19, "knowledge_revision": 63, "git_revision": "4ab1ca9a6f9ece0e25f7639196ceddb6d532b28d", "ctags": [], "hash": "cae9be1d6b8fe435682e2a133e011b67", "format-version": 4, "code-base-name": "notes_app_frontend", "filename": "notes_app_frontend/src/types/note.js", "revision_history": [{"63": "4ab1ca9a6f9ece0e25f7639196ceddb6d532b28d"}]}