{"is_source_file": true, "format": "JavaScript", "description": "This file defines the React component 'NotesSidebar', which provides a sidebar UI for listing, searching, and selecting notes within a notes application. It includes search/filter functionality, keyboard navigation, and handles loading/error states.", "external_files": ["./ui/Card", "./ui/Input", "./ui/Button", "./NoteListItem", "./ui/Spinner", "./EmptyState"], "external_methods": ["React", "useMemo", "useRef"], "published": ["NotesSidebar"], "classes": [], "methods": [{"name": "NotesSidebar({ notes, selectedNoteId, searchQuery, setSearchQuery, onCreate, onSelect, loading = false, error = null, })", "description": "React functional component rendering the notes sidebar with search, list, and keyboard navigation.", "scope": "", "scopeKind": ""}], "calls": ["React", "useMemo", "useRef", "notes.some", "notes.findIndex", "window.requestAnimationFrame", "onSelect", "setSearchQuery", "setSearchQuery", "setSearchQuery", "setSearchQuery", "setSearchQuery", "setSearchQuery", "setSearchQuery"], "search-terms": ["NotesSidebar", "notes filter", "keyboard navigation", "listbox", "roving tabindex", "search input", "note selection"], "state": 2, "file_id": 38, "knowledge_revision": 96, "git_revision": "497817401a97cb13ffc2226247d6636e28dc0f43", "revision_history": [{"82": "4ab1ca9a6f9ece0e25f7639196ceddb6d532b28d"}, {"89": "e28d3a7d05c21d6cc9b61bdf7b6b59171df63f0b"}, {"96": "497817401a97cb13ffc2226247d6636e28dc0f43"}], "ctags": [{"_type": "tag", "name": "NotesSidebar", "path": "/home/kavia/workspace/code-generation/simple-notes-application-304749-304832/notes_app_frontend/src/components/NotesSidebar.js", "pattern": "/^export function NotesSidebar({$/", "language": "JavaScript", "kind": "function", "signature": "({ notes, selectedNoteId, searchQuery, setSearchQuery, onCreate, onSelect, loading = false, error = null, })"}, {"_type": "tag", "name": "searchQuery", "path": "/home/kavia/workspace/code-generation/simple-notes-application-304749-304832/notes_app_frontend/src/components/NotesSidebar.js", "pattern": "/^            value={searchQuery}$/", "language": "JavaScript", "kind": "field", "scope": "NotesSidebar.value", "scopeKind": "class"}], "hash": "51b97d7694f3a2826b7dcca0f72d7866", "format-version": 4, "code-base-name": "notes_app_frontend", "filename": "notes_app_frontend/src/components/NotesSidebar.js", "fields": [{"name": "value={searchQuery}", "scope": "NotesSidebar.value", "scopeKind": "class", "description": "unavailable"}]}