{"is_source_file": true, "format": "JavaScript", "description": "This file contains a simple UUID v4 generator function for creating unique identifiers within the application, based on Math.random.", "external_files": [], "external_methods": [], "published": ["uuidV4"], "classes": [], "methods": [{"name": "uuidV4()", "description": "Generates a UUID v4 string using Math.random, suitable for local-only IDs in this app.", "scope": "", "scopeKind": ""}], "calls": ["Math.random", "String.prototype.replace"], "search-terms": ["uuid", "UUID v4", "uuidV4", "unique ID generator", "local IDs"], "state": 2, "file_id": 15, "knowledge_revision": 59, "git_revision": "4ab1ca9a6f9ece0e25f7639196ceddb6d532b28d", "ctags": [{"_type": "tag", "name": "uuidV4", "path": "/home/kavia/workspace/code-generation/simple-notes-application-304749-304832/notes_app_frontend/src/utils/uuid.js", "pattern": "/^export function uuidV4() {$/", "language": "JavaScript", "kind": "function", "signature": "()"}], "hash": "154e35f6b1e622532e638f8ce37bbb1d", "format-version": 4, "code-base-name": "notes_app_frontend", "filename": "notes_app_frontend/src/utils/uuid.js", "revision_history": [{"59": "4ab1ca9a6f9ece0e25f7639196ceddb6d532b28d"}]}