{"is_source_file": true, "format": "JavaScript (React component)", "description": "This file defines the React component 'NotesSidebar', which provides a sidebar UI for displaying and managing notes, including search/filter functionality, keyboard navigation, and UI updates based on loading/error states.", "external_files": ["./ui/Card", "./ui/Input", "./ui/Button", "./NoteListItem", "./ui/Spinner", "./EmptyState"], "external_methods": ["React.useMemo", "React.useRef", "window.requestAnimationFrame"], "published": ["NotesSidebar"], "classes": [], "methods": [{"name": "NotesSidebar({ notes, selectedNoteId, searchQuery, setSearchQuery, onCreate, onSelect, loading = false, error = null, })", "description": "Main React component rendering the notes sidebar with search, list, and state handling.", "scope": "", "scopeKind": ""}], "calls": ["React.useMemo", "React.useRef", "notes.some", "notes.findIndex", "onSelect", "setSearchQuery", "window.requestAnimationFrame"], "search-terms": ["NotesSidebar", "keyboard navigation", "listbox", "roving tabindex", "search/filter notes", "loading state", "error handling", "note list", "React component"], "state": 2, "file_id": 38, "knowledge_revision": 99, "git_revision": "255d8ecdd91796eeec6cbea059c63fd447da4679", "revision_history": [{"82": "4ab1ca9a6f9ece0e25f7639196ceddb6d532b28d"}, {"89": "e28d3a7d05c21d6cc9b61bdf7b6b59171df63f0b"}, {"96": "497817401a97cb13ffc2226247d6636e28dc0f43"}, {"99": "255d8ecdd91796eeec6cbea059c63fd447da4679"}], "ctags": [{"_type": "tag", "name": "NotesSidebar", "path": "/home/kavia/workspace/code-generation/simple-notes-application-304749-304832/notes_app_frontend/src/components/NotesSidebar.js", "pattern": "/^export function NotesSidebar({$/", "language": "JavaScript", "kind": "function", "signature": "({ notes, selectedNoteId, searchQuery, setSearchQuery, onCreate, onSelect, loading = false, error = null, })"}, {"_type": "tag", "name": "searchQuery", "path": "/home/kavia/workspace/code-generation/simple-notes-application-304749-304832/notes_app_frontend/src/components/NotesSidebar.js", "pattern": "/^            value={searchQuery}$/", "language": "JavaScript", "kind": "field", "scope": "NotesSidebar.value", "scopeKind": "class"}], "hash": "5574acf535cf24fadc9e6d07a49fc350", "format-version": 4, "code-base-name": "notes_app_frontend", "filename": "notes_app_frontend/src/components/NotesSidebar.js", "fields": [{"name": "value={searchQuery}", "scope": "NotesSidebar.value", "scopeKind": "class", "description": "unavailable"}]}