{"is_source_file": true, "format": "JavaScript (React JSX)", "description": "This file defines a React functional component called ConfirmDeleteModal, which renders a modal dialog to confirm deletion of a note.", "external_files": ["./ui/Modal", "./ui/Button"], "external_methods": ["Modal", "Button"], "published": ["ConfirmDeleteModal"], "classes": [], "methods": [{"name": "ConfirmDeleteModal({ open, noteTitle, onCancel, onConfirm })", "description": "React functional component that renders a confirmation modal with cancel and delete actions.", "scope": "", "scopeKind": ""}], "calls": ["React", "Modal", "Button"], "search-terms": ["ConfirmDeleteModal", "React component", "modal", "delete confirmation", "notes"], "state": 2, "file_id": 41, "knowledge_revision": 85, "git_revision": "4ab1ca9a6f9ece0e25f7639196ceddb6d532b28d", "ctags": [{"_type": "tag", "name": "ConfirmDeleteModal", "path": "/home/kavia/workspace/code-generation/simple-notes-application-304749-304832/notes_app_frontend/src/components/ConfirmDeleteModal.js", "pattern": "/^export function ConfirmDeleteModal({ open, noteTitle, onCancel, onConfirm }) {$/", "language": "JavaScript", "kind": "function", "signature": "({ open, noteTitle, onCancel, onConfirm })"}, {"_type": "tag", "name": "onCancel", "path": "/home/kavia/workspace/code-generation/simple-notes-application-304749-304832/notes_app_frontend/src/components/ConfirmDeleteModal.js", "pattern": "/^      onClose={onCancel}$/", "language": "JavaScript", "kind": "field", "scope": "ConfirmDeleteModal.onClose", "scopeKind": "class"}, {"_type": "tag", "name": "open", "path": "/home/kavia/workspace/code-generation/simple-notes-application-304749-304832/notes_app_frontend/src/components/ConfirmDeleteModal.js", "pattern": "/^      open={open}$/", "language": "JavaScript", "kind": "field", "scope": "ConfirmDeleteModal.open", "scopeKind": "class"}], "hash": "84a921f7a08015f39fe696b14c37ca07", "format-version": 4, "code-base-name": "notes_app_frontend", "filename": "notes_app_frontend/src/components/ConfirmDeleteModal.js", "fields": [{"name": "onClose={onCancel}", "scope": "ConfirmDeleteModal.onClose", "scopeKind": "class", "description": "unavailable"}, {"name": "open={open}", "scope": "ConfirmDeleteModal.open", "scopeKind": "class", "description": "unavailable"}], "revision_history": [{"85": "4ab1ca9a6f9ece0e25f7639196ceddb6d532b28d"}]}