{"is_source_file": true, "format": "JavaScript (React component)", "description": "This file defines a React functional component named 'Modal' which creates an accessible modal dialog with overlay, focus trapping, and Escape-to-close functionality.", "external_files": ["react"], "external_methods": ["React.useRef", "React.useEffect"], "published": ["Modal"], "classes": [], "methods": [{"name": "Modal({ open, title, children, footer, onClose })", "description": "React functional component that renders an accessible modal dialog with overlay, header, body, and optional footer. Handles focus, Escape key event, and clicking outside to close.", "scope": "", "scopeKind": ""}], "calls": ["window.addEventListener", "window.removeEventListener", "window.setTimeout"], "search-terms": ["Modal", "React", "useRef", "useEffect", "accessible modal", "focus trap", "Escape close"], "state": 2, "file_id": 32, "knowledge_revision": 76, "git_revision": "4ab1ca9a6f9ece0e25f7639196ceddb6d532b28d", "ctags": [{"_type": "tag", "name": "Modal", "path": "/home/kavia/workspace/code-generation/simple-notes-application-304749-304832/notes_app_frontend/src/components/ui/Modal.js", "pattern": "/^export function Modal({ open, title, children, footer, onClose }) {$/", "language": "JavaScript", "kind": "function", "signature": "({ open, title, children, footer, onClose })"}, {"_type": "tag", "name": "dialogRef", "path": "/home/kavia/workspace/code-generation/simple-notes-application-304749-304832/notes_app_frontend/src/components/ui/Modal.js", "pattern": "/^        ref={dialogRef}$/", "language": "JavaScript", "kind": "field", "scope": "Modal.ref", "scopeKind": "class"}, {"_type": "tag", "name": "title", "path": "/home/kavia/workspace/code-generation/simple-notes-application-304749-304832/notes_app_frontend/src/components/ui/Modal.js", "pattern": "/^        aria-label={title}$/", "language": "JavaScript", "kind": "field", "scope": "Modal.aria", "scopeKind": "class"}], "hash": "31c412a700660a0dc752202369a864d2", "format-version": 4, "code-base-name": "notes_app_frontend", "filename": "notes_app_frontend/src/components/ui/Modal.js", "fields": [{"name": "ref={dialogRef}", "scope": "Modal.ref", "scopeKind": "class", "description": "unavailable"}, {"name": "aria-label={title}", "scope": "Modal.aria", "scopeKind": "class", "description": "unavailable"}], "revision_history": [{"76": "4ab1ca9a6f9ece0e25f7639196ceddb6d532b28d"}]}