{"is_source_file": false, "format": "", "description": "", "external_files": [], "external_methods": [], "published": [], "classes": [], "methods": [], "calls": [], "search-terms": [], "state": 2, "file_id": 11, "knowledge_revision": 94, "git_revision": "b9b94d7569c986aa5079501b99a29f20bca1029c", "hash": "fa68a5bf87b8d3a1eb1cb9ddf6de22b1", "format-version": 4, "code-base-name": "notes_app_frontend", "filename": "notes_app_frontend/package.json", "revision_history": [{"94": "b9b94d7569c986aa5079501b99a29f20bca1029c"}]}