{"is_source_file": false, "format": "", "description": "", "external_files": [], "external_methods": [], "published": [], "classes": [], "methods": [], "calls": [], "search-terms": [], "state": 2, "file_id": 10, "knowledge_revision": 17, "git_revision": "b9b94d7569c986aa5079501b99a29f20bca1029c", "hash": "ebece526bc2eadd78ddd787a76c56607", "format-version": 4, "code-base-name": "notes_app_frontend", "filename": "notes_app_frontend/README.md", "revision_history": [{"17": "b9b94d7569c986aa5079501b99a29f20bca1029c"}]}