{"is_source_file": true, "format": "JavaScript (React JSX)", "description": "This file defines a React functional component 'ToastRegion' that renders a region for displaying toast notifications. It includes helper functions for determining labels and icons based on the toast type, and it uses an external IconButton component for dismissing individual toasts.", "external_files": ["./IconButton"], "external_methods": ["IconButton"], "published": ["ToastRegion"], "classes": [], "methods": [{"name": "kindLabel(kind)", "description": "Returns a user-friendly label based on the toast kind ('success', 'error', or default 'Info').", "scope": "", "scopeKind": ""}, {"name": "iconForKind(kind)", "description": "Returns an icon symbol based on the toast kind ('\u2713' for success, '!' for error, 'i' for info).", "scope": "", "scopeKind": ""}, {"name": "ToastRegion({ toasts, onDismiss })", "scope": "", "scopeKind": "", "description": "unavailable"}], "calls": ["onDismiss(t.id)"], "search-terms": ["ToastRegion", "react toast notifications", "dismiss button", "aria-live", "UI toast container"], "state": 2, "file_id": 33, "knowledge_revision": 77, "git_revision": "4ab1ca9a6f9ece0e25f7639196ceddb6d532b28d", "ctags": [{"_type": "tag", "name": "ToastRegion", "path": "/home/kavia/workspace/code-generation/simple-notes-application-304749-304832/notes_app_frontend/src/components/ui/ToastRegion.js", "pattern": "/^export function ToastRegion({ toasts, onDismiss }) {$/", "language": "JavaScript", "kind": "function", "signature": "({ toasts, onDismiss })"}, {"_type": "tag", "name": "iconForKind", "path": "/home/kavia/workspace/code-generation/simple-notes-application-304749-304832/notes_app_frontend/src/components/ui/ToastRegion.js", "pattern": "/^function iconForKind(kind) {$/", "language": "JavaScript", "kind": "function", "signature": "(kind)"}, {"_type": "tag", "name": "kindLabel", "path": "/home/kavia/workspace/code-generation/simple-notes-application-304749-304832/notes_app_frontend/src/components/ui/ToastRegion.js", "pattern": "/^function kindLabel(kind) {$/", "language": "JavaScript", "kind": "function", "signature": "(kind)"}], "hash": "22c4ed9ea03ab2450d5dfaf7d29cb9e1", "format-version": 4, "code-base-name": "notes_app_frontend", "filename": "notes_app_frontend/src/components/ui/ToastRegion.js", "revision_history": [{"77": "4ab1ca9a6f9ece0e25f7639196ceddb6d532b28d"}]}