{"is_source_file": false, "format": "", "description": "", "external_files": [], "external_methods": [], "published": [], "classes": [], "methods": [], "calls": [], "search-terms": ["CSS", "CSS styles", "app.css", "styling", "frontend styles", "UI styling", "responsive design", "CSS variables", "layout", "components"], "state": 2, "file_id": 14, "knowledge_revision": 43, "git_revision": "4ab1ca9a6f9ece0e25f7639196ceddb6d532b28d", "hash": "c7fcc72e4f91039383804ede5c33548b", "format-version": 4, "code-base-name": "notes_app_frontend", "filename": "notes_app_frontend/src/styles/app.css", "revision_history": [{"43": "4ab1ca9a6f9ece0e25f7639196ceddb6d532b28d"}]}