{"is_source_file": true, "format": "JavaScript (React JSX)", "description": "This file defines the NotesSidebar React component, which renders a sidebar UI for displaying, searching, and selecting notes in a note-taking application.", "external_files": ["./ui/Card", "./ui/Input", "./ui/Button", "./NoteListItem", "./ui/Spinner", "./EmptyState"], "external_methods": [], "published": ["NotesSidebar"], "classes": [], "methods": [{"name": "NotesSidebar({ notes, selectedNoteId, searchQuery, setSearchQuery, onCreate, onSelect, loading = false, error = null, })", "description": "React functional component that provides a sidebar with a list of notes, a search input, and controls for creating and selecting notes.", "scope": "", "scopeKind": ""}], "calls": ["React", "notes.findIndex", "onSelect(next.id)", "setSearchQuery(e.target.value)", "setSearchQuery(\"\")", "onCreate", "onAction()", "notes.map", "NoteListItem"], "search-terms": ["NotesSidebar", "note list", "search notes", "create new note", "note selection", "keyboard navigation", "NoteListItem component", "React component"], "state": 2, "file_id": 38, "knowledge_revision": 82, "git_revision": "4ab1ca9a6f9ece0e25f7639196ceddb6d532b28d", "ctags": [{"_type": "tag", "name": "NotesSidebar", "path": "/home/kavia/workspace/code-generation/simple-notes-application-304749-304832/notes_app_frontend/src/components/NotesSidebar.js", "pattern": "/^export function NotesSidebar({$/", "language": "JavaScript", "kind": "function", "signature": "({ notes, selectedNoteId, searchQuery, setSearchQuery, onCreate, onSelect, loading = false, error = null, })"}, {"_type": "tag", "name": "searchQuery", "path": "/home/kavia/workspace/code-generation/simple-notes-application-304749-304832/notes_app_frontend/src/components/NotesSidebar.js", "pattern": "/^            value={searchQuery}$/", "language": "JavaScript", "kind": "field", "scope": "NotesSidebar.value", "scopeKind": "class"}], "hash": "153dbea43fc41e8e34527f5a4d737ea6", "format-version": 4, "code-base-name": "notes_app_frontend", "filename": "notes_app_frontend/src/components/NotesSidebar.js", "fields": [{"name": "value={searchQuery}", "scope": "NotesSidebar.value", "scopeKind": "class", "description": "unavailable"}], "revision_history": [{"82": "4ab1ca9a6f9ece0e25f7639196ceddb6d532b28d"}]}