{"is_source_file": true, "format": "JavaScript", "description": "This file defines a custom React hook 'useNotes' for managing notes stored in localStorage, including CRUD operations, search, sorting, and normalization of note data.", "external_files": ["./useLocalStorage", "../utils/uuid"], "external_methods": ["useLocalStorage", "uuidV4"], "published": ["useNotes"], "classes": [], "methods": [{"name": "useNotes()", "description": "Main hook managing notes (CRUD), search, sort, and persistence to localStorage with version control.", "scope": "", "scopeKind": ""}, {"name": "coerceEnvelope(raw)", "scope": "", "scopeKind": "", "description": "unavailable"}, {"name": "isPlainObject(v)", "scope": "", "scopeKind": "", "description": "unavailable"}, {"name": "makeInitialEnvelope()", "scope": "", "scopeKind": "", "description": "unavailable"}, {"name": "normalizeNote(note)", "scope": "", "scopeKind": "", "description": "unavailable"}, {"name": "seedNotes()", "scope": "", "scopeKind": "", "description": "unavailable"}, {"name": "toSafeString(v)", "scope": "", "scopeKind": "", "description": "unavailable"}, {"name": "toSafeTimestamp(v, fallback)", "scope": "", "scopeKind": "", "description": "unavailable"}], "calls": ["useLocalStorage", "useMemo", "useCallback", "setEnvelope", "coerceEnvelope", "normalizeNote", "uuidV4", "Date.now"], "search-terms": ["useNotes", "localStorage", "notes management", "normalizeNote", "note CRUD", "searchNotes", "sortNotes", "React hook"], "state": 2, "file_id": 23, "knowledge_revision": 98, "git_revision": "497817401a97cb13ffc2226247d6636e28dc0f43", "revision_history": [{"67": "4ab1ca9a6f9ece0e25f7639196ceddb6d532b28d"}, {"90": "e28d3a7d05c21d6cc9b61bdf7b6b59171df63f0b"}, {"95": "0c371589b13bc9a64da449e23cbc36e5bdb72179"}, {"98": "497817401a97cb13ffc2226247d6636e28dc0f43"}], "ctags": [{"_type": "tag", "name": "STORAGE_KEY", "path": "/home/kavia/workspace/code-generation/simple-notes-application-304749-304832/notes_app_frontend/src/hooks/useNotes.js", "pattern": "/^const STORAGE_KEY = \"ocean-notes:v1\";$/", "language": "JavaScript", "kind": "constant"}, {"_type": "tag", "name": "STORAGE_VERSION", "path": "/home/kavia/workspace/code-generation/simple-notes-application-304749-304832/notes_app_frontend/src/hooks/useNotes.js", "pattern": "/^const STORAGE_VERSION = 1;$/", "language": "JavaScript", "kind": "constant"}, {"_type": "tag", "name": "coerceEnvelope", "path": "/home/kavia/workspace/code-generation/simple-notes-application-304749-304832/notes_app_frontend/src/hooks/useNotes.js", "pattern": "/^function coerceEnvelope(raw) {$/", "language": "JavaScript", "kind": "function", "signature": "(raw)"}, {"_type": "tag", "name": "isPlainObject", "path": "/home/kavia/workspace/code-generation/simple-notes-application-304749-304832/notes_app_frontend/src/hooks/useNotes.js", "pattern": "/^function isPlainObject(v) {$/", "language": "JavaScript", "kind": "function", "signature": "(v)"}, {"_type": "tag", "name": "makeInitialEnvelope", "path": "/home/kavia/workspace/code-generation/simple-notes-application-304749-304832/notes_app_frontend/src/hooks/useNotes.js", "pattern": "/^function makeInitialEnvelope() {$/", "language": "JavaScript", "kind": "function", "signature": "()"}, {"_type": "tag", "name": "normalizeNote", "path": "/home/kavia/workspace/code-generation/simple-notes-application-304749-304832/notes_app_frontend/src/hooks/useNotes.js", "pattern": "/^function normalizeNote(note) {$/", "language": "JavaScript", "kind": "function", "signature": "(note)"}, {"_type": "tag", "name": "seedNotes", "path": "/home/kavia/workspace/code-generation/simple-notes-application-304749-304832/notes_app_frontend/src/hooks/useNotes.js", "pattern": "/^function seedNotes() {$/", "language": "JavaScript", "kind": "function", "signature": "()"}, {"_type": "tag", "name": "toSafeString", "path": "/home/kavia/workspace/code-generation/simple-notes-application-304749-304832/notes_app_frontend/src/hooks/useNotes.js", "pattern": "/^function toSafeString(v) {$/", "language": "JavaScript", "kind": "function", "signature": "(v)"}, {"_type": "tag", "name": "toSafeTimestamp", "path": "/home/kavia/workspace/code-generation/simple-notes-application-304749-304832/notes_app_frontend/src/hooks/useNotes.js", "pattern": "/^function toSafeTimestamp(v, fallback) {$/", "language": "JavaScript", "kind": "function", "signature": "(v, fallback)"}, {"_type": "tag", "name": "useNotes", "path": "/home/kavia/workspace/code-generation/simple-notes-application-304749-304832/notes_app_frontend/src/hooks/useNotes.js", "pattern": "/^export function useNotes() {$/", "language": "JavaScript", "kind": "function", "signature": "()"}], "hash": "13c882bc93613bb2e8841e9176d30752", "format-version": 4, "code-base-name": "notes_app_frontend", "filename": "notes_app_frontend/src/hooks/useNotes.js"}