{"is_source_file": false, "format": "", "description": "", "external_files": [], "external_methods": [], "published": [], "classes": [], "methods": [], "calls": [], "search-terms": [], "state": 2, "file_id": 19, "knowledge_revision": 100, "git_revision": "4ab1ca9a6f9ece0e25f7639196ceddb6d532b28d", "revision_history": [{"63": "4ab1ca9a6f9ece0e25f7639196ceddb6d532b28d"}, {"100": "4ab1ca9a6f9ece0e25f7639196ceddb6d532b28d"}], "ctags": [], "hash": "d072425ebd5e744cadc3136073baba92", "format-version": 4, "code-base-name": "notes_app_frontend", "filename": "notes_app_frontend/src/types/note.js"}