{"is_source_file": true, "format": "JavaScript", "description": "This file provides utility functions for processing Markdown text into HTML, including escaping HTML entities, inline formatting (bold, italics, code, links), and rendering a subset of Markdown to HTML with support for headings, lists, code blocks, and paragraphs.", "external_files": [], "external_methods": ["String.prototype.replaceAll"], "published": ["renderMarkdownToHtml"], "classes": [], "methods": [{"name": "escapeHtml(s)", "description": "Converts special characters in a string to their corresponding HTML entities to prevent HTML injection.", "scope": "", "scopeKind": ""}, {"name": "inlineMd(s)", "description": "Applies inline Markdown formatting such as code snippets, bold, italics, and links to a given string.", "scope": "", "scopeKind": ""}, {"name": "renderMarkdownToHtml(markdown)", "description": "Converts a small subset of Markdown syntax into corresponding HTML, supporting headings, lists, code blocks, and paragraphs.", "scope": "", "scopeKind": ""}], "calls": ["escapeHtml", "inlineMd", "String.prototype.replaceAll"], "search-terms": ["Markdown rendering", "HTML escaping", "inline Markdown", "heading parsing", "list rendering", "code block handling"], "state": 2, "file_id": 18, "knowledge_revision": 62, "git_revision": "4ab1ca9a6f9ece0e25f7639196ceddb6d532b28d", "ctags": [{"_type": "tag", "name": "escapeHtml", "path": "/home/kavia/workspace/code-generation/simple-notes-application-304749-304832/notes_app_frontend/src/utils/markdown.js", "pattern": "/^function escapeHtml(s) {$/", "language": "JavaScript", "kind": "function", "signature": "(s)"}, {"_type": "tag", "name": "inlineMd", "path": "/home/kavia/workspace/code-generation/simple-notes-application-304749-304832/notes_app_frontend/src/utils/markdown.js", "pattern": "/^function inlineMd(s) {$/", "language": "JavaScript", "kind": "function", "signature": "(s)"}, {"_type": "tag", "name": "renderMarkdownToHtml", "path": "/home/kavia/workspace/code-generation/simple-notes-application-304749-304832/notes_app_frontend/src/utils/markdown.js", "pattern": "/^export function renderMarkdownToHtml(markdown) {$/", "language": "JavaScript", "kind": "function", "signature": "(markdown)"}], "hash": "4a52b9b199d60642d29b1f663f652b95", "format-version": 4, "code-base-name": "notes_app_frontend", "filename": "notes_app_frontend/src/utils/markdown.js", "revision_history": [{"62": "4ab1ca9a6f9ece0e25f7639196ceddb6d532b28d"}]}