{"is_source_file": true, "format": "JavaScript", "description": "This file defines a React component 'NoteListItem' used to render individual notes in a list, including UI elements like title, snippet, pinned status, and actions.", "external_files": ["../utils/datetime", "./ui/IconButton", "../types/note"], "external_methods": ["formatUpdatedAt"], "published": ["NoteListItem"], "classes": [], "methods": [{"name": "PinIcon({ filled = false })", "description": "A React component rendering an SVG icon for the pin (pinned/unpinned indicator).", "scope": "", "scopeKind": ""}, {"name": "escapeRegExp(s)", "description": "Utility function that escapes special characters for use in a regular expression.", "scope": "", "scopeKind": ""}, {"name": "renderHighlightedText(text, query)", "description": "Function that highlights parts of the text matching the query by wrapping them in a <mark> element.", "scope": "", "scopeKind": ""}, {"name": "NoteListItem({ id, note, selected, onSelect, onTogglePinned, highlightQuery = \"\", onKeyDown, tabIndex = -1, setButtonRef, })", "description": "Main React component for rendering a note in a list with interactive elements, including title, snippet, and pinned toggle.", "scope": "", "scopeKind": ""}], "calls": ["formatUpdatedAt(note.updatedAt)", "renderHighlightedText(title, highlightQuery)", "onSelect(note.id)", "onKeyDown?.(e, note.id)", "setButtonRef", "onTogglePinned?.(note.id)"], "search-terms": ["NoteListItem", "Pinned note", "highlighted title", "renderHighlightedText", "note snippet", "pinned toggle", "React component", "note list item"], "state": 2, "file_id": 37, "knowledge_revision": 102, "git_revision": "4c99223034c13f82652a5b0a09868c76e9d721f9", "revision_history": [{"81": "4ab1ca9a6f9ece0e25f7639196ceddb6d532b28d"}, {"88": "e28d3a7d05c21d6cc9b61bdf7b6b59171df63f0b"}, {"97": "497817401a97cb13ffc2226247d6636e28dc0f43"}, {"102": "4c99223034c13f82652a5b0a09868c76e9d721f9"}], "ctags": [{"_type": "tag", "name": "NoteListItem", "path": "/home/kavia/workspace/code-generation/simple-notes-application-304749-304832/notes_app_frontend/src/components/NoteListItem.js", "pattern": "/^export function NoteListItem({$/", "language": "JavaScript", "kind": "function", "signature": "({ id, note, selected, onSelect, onTogglePinned, highlightQuery = \"\", onKeyDown, tabIndex = -1, setButtonRef, })"}, {"_type": "tag", "name": "PinIcon", "path": "/home/kavia/workspace/code-generation/simple-notes-application-304749-304832/notes_app_frontend/src/components/NoteListItem.js", "pattern": "/^function PinIcon({ filled = false }) {$/", "language": "JavaScript", "kind": "function", "signature": "({ filled = false })"}, {"_type": "tag", "name": "escapeRegExp", "path": "/home/kavia/workspace/code-generation/simple-notes-application-304749-304832/notes_app_frontend/src/components/NoteListItem.js", "pattern": "/^function escapeRegExp(s) {$/", "language": "JavaScript", "kind": "function", "signature": "(s)"}, {"_type": "tag", "name": "filled", "path": "/home/kavia/workspace/code-generation/simple-notes-application-304749-304832/notes_app_frontend/src/components/NoteListItem.js", "pattern": "/^        fill={filled ? \"currentColor\" : \"none\"}$/", "language": "JavaScript", "kind": "field", "scope": "PinIcon.fill", "scopeKind": "class"}, {"_type": "tag", "name": "filled", "path": "/home/kavia/workspace/code-generation/simple-notes-application-304749-304832/notes_app_frontend/src/components/NoteListItem.js", "pattern": "/^        opacity={filled ? 0.9 : 1}$/", "language": "JavaScript", "kind": "field", "scope": "PinIcon.opacity", "scopeKind": "class"}, {"_type": "tag", "name": "id", "path": "/home/kavia/workspace/code-generation/simple-notes-application-304749-304832/notes_app_frontend/src/components/NoteListItem.js", "pattern": "/^          id={id}$/", "language": "JavaScript", "kind": "field", "scope": "NoteListItem.id", "scopeKind": "class"}, {"_type": "tag", "name": "note", "path": "/home/kavia/workspace/code-generation/simple-notes-application-304749-304832/notes_app_frontend/src/components/NoteListItem.js", "pattern": "/^            className={note.pinned ? \"kv-icon-btn-primary\" : \"\"}$/", "language": "JavaScript", "kind": "field", "scope": "NoteListItem.className", "scopeKind": "class"}, {"_type": "tag", "name": "note", "path": "/home/kavia/workspace/code-generation/simple-notes-application-304749-304832/notes_app_frontend/src/components/NoteListItem.js", "pattern": "/^            label={note.pinned ? \"Unpin note\" : \"Pin note\"}$/", "language": "JavaScript", "kind": "field", "scope": "NoteListItem.label", "scopeKind": "class"}, {"_type": "tag", "name": "renderHighlightedText", "path": "/home/kavia/workspace/code-generation/simple-notes-application-304749-304832/notes_app_frontend/src/components/NoteListItem.js", "pattern": "/^function renderHighlightedText(text, query) {$/", "language": "JavaScript", "kind": "function", "signature": "(text, query)"}, {"_type": "tag", "name": "selected", "path": "/home/kavia/workspace/code-generation/simple-notes-application-304749-304832/notes_app_frontend/src/components/NoteListItem.js", "pattern": "/^          aria-selected={selected}$/", "language": "JavaScript", "kind": "field", "scope": "NoteListItem.aria", "scopeKind": "class"}, {"_type": "tag", "name": "setButtonRef", "path": "/home/kavia/workspace/code-generation/simple-notes-application-304749-304832/notes_app_frontend/src/components/NoteListItem.js", "pattern": "/^          ref={setButtonRef}$/", "language": "JavaScript", "kind": "field", "scope": "NoteListItem.ref", "scopeKind": "class"}, {"_type": "tag", "name": "tabIndex", "path": "/home/kavia/workspace/code-generation/simple-notes-application-304749-304832/notes_app_frontend/src/components/NoteListItem.js", "pattern": "/^          tabIndex={tabIndex}$/", "language": "JavaScript", "kind": "field", "scope": "NoteListItem.tabIndex", "scopeKind": "class"}], "hash": "f68fe8c48363435c4e12daf949050089", "format-version": 4, "code-base-name": "notes_app_frontend", "filename": "notes_app_frontend/src/components/NoteListItem.js", "fields": [{"name": "fill={filled ? \"currentColor\" : \"none\"}", "scope": "PinIcon.fill", "scopeKind": "class", "description": "unavailable"}, {"name": "opacity={filled ? 0.9 : 1}", "scope": "PinIcon.opacity", "scopeKind": "class", "description": "unavailable"}, {"name": "id={id}", "scope": "NoteListItem.id", "scopeKind": "class", "description": "unavailable"}, {"name": "className={note.pinned ? \"kv-icon-btn-primary\" : \"\"}", "scope": "NoteListItem.className", "scopeKind": "class", "description": "unavailable"}, {"name": "label={note.pinned ? \"Unpin note\" : \"Pin note\"}", "scope": "NoteListItem.label", "scopeKind": "class", "description": "unavailable"}, {"name": "aria-selected={selected}", "scope": "NoteListItem.aria", "scopeKind": "class", "description": "unavailable"}, {"name": "ref={setButtonRef}", "scope": "NoteListItem.ref", "scopeKind": "class", "description": "unavailable"}, {"name": "tabIndex={tabIndex}", "scope": "NoteListItem.tabIndex", "scopeKind": "class", "description": "unavailable"}]}