{"is_source_file": true, "format": "JavaScript (React JSX)", "description": "This file defines a React functional component named NoteListItem, which represents an individual note item in a list with display of title, snippet, and metadata, as well as handling selection and keyboard events.", "external_files": ["../utils/datetime", "../types/note"], "external_methods": ["formatUpdatedAt"], "published": ["NoteListItem"], "classes": [], "methods": [{"name": "NoteListItem({ id, note, selected, onSelect, onKeyDown, tabIndex = -1, setButtonRef })", "description": "A React component that renders a note item with title, snippet, and update info, handling selection and focus.", "scope": "", "scopeKind": ""}], "calls": ["formatUpdatedAt(note.updatedAt)"], "search-terms": ["NoteListItem", "React component", "note", "note body snippet", "selection handling", "keyboard events", "timestamp formatting", "props"], "state": 2, "file_id": 37, "knowledge_revision": 97, "git_revision": "497817401a97cb13ffc2226247d6636e28dc0f43", "revision_history": [{"81": "4ab1ca9a6f9ece0e25f7639196ceddb6d532b28d"}, {"88": "e28d3a7d05c21d6cc9b61bdf7b6b59171df63f0b"}, {"97": "497817401a97cb13ffc2226247d6636e28dc0f43"}], "ctags": [{"_type": "tag", "name": "NoteListItem", "path": "/home/kavia/workspace/code-generation/simple-notes-application-304749-304832/notes_app_frontend/src/components/NoteListItem.js", "pattern": "/^export function NoteListItem({ id, note, selected, onSelect, onKeyDown, tabIndex = -1, setButton/", "language": "JavaScript", "kind": "function", "signature": "({ id, note, selected, onSelect, onKeyDown, tabIndex = -1, setButtonRef })"}, {"_type": "tag", "name": "id", "path": "/home/kavia/workspace/code-generation/simple-notes-application-304749-304832/notes_app_frontend/src/components/NoteListItem.js", "pattern": "/^        id={id}$/", "language": "JavaScript", "kind": "field", "scope": "NoteListItem.id", "scopeKind": "class"}, {"_type": "tag", "name": "selected", "path": "/home/kavia/workspace/code-generation/simple-notes-application-304749-304832/notes_app_frontend/src/components/NoteListItem.js", "pattern": "/^        aria-selected={selected}$/", "language": "JavaScript", "kind": "field", "scope": "NoteListItem.aria", "scopeKind": "class"}, {"_type": "tag", "name": "setButtonRef", "path": "/home/kavia/workspace/code-generation/simple-notes-application-304749-304832/notes_app_frontend/src/components/NoteListItem.js", "pattern": "/^        ref={setButtonRef}$/", "language": "JavaScript", "kind": "field", "scope": "NoteListItem.ref", "scopeKind": "class"}, {"_type": "tag", "name": "tabIndex", "path": "/home/kavia/workspace/code-generation/simple-notes-application-304749-304832/notes_app_frontend/src/components/NoteListItem.js", "pattern": "/^        tabIndex={tabIndex}$/", "language": "JavaScript", "kind": "field", "scope": "NoteListItem.tabIndex", "scopeKind": "class"}], "hash": "3392918a309a3c2f445449683cedef98", "format-version": 4, "code-base-name": "notes_app_frontend", "filename": "notes_app_frontend/src/components/NoteListItem.js", "fields": [{"name": "id={id}", "scope": "NoteListItem.id", "scopeKind": "class", "description": "unavailable"}, {"name": "aria-selected={selected}", "scope": "NoteListItem.aria", "scopeKind": "class", "description": "unavailable"}, {"name": "ref={setButtonRef}", "scope": "NoteListItem.ref", "scopeKind": "class", "description": "unavailable"}, {"name": "tabIndex={tabIndex}", "scope": "NoteListItem.tabIndex", "scopeKind": "class", "description": "unavailable"}]}