{"is_source_file": true, "format": "JavaScript", "description": "React component 'NoteEditor' for editing and viewing notes with features like markdown editing, preview, duplication, import/export, and delete actions.", "external_files": ["./ui/Card", "./ui/Toolbar", "./ui/Badge", "./ui/Button", "./ui/IconButton", "./ui/Input", "./ui/TextArea", "./NoteViewer", "./EmptyState"], "external_methods": ["React.useEffect", "React.useMemo", "React.useRef", "React.useState"], "published": ["NoteEditor"], "classes": [], "methods": [{"name": "EyeIcon()", "description": "Returns SVG for the eye icon used in toggle buttons.", "scope": "", "scopeKind": ""}, {"name": "TrashIcon()", "description": "Returns SVG for the trash (delete) icon.", "scope": "", "scopeKind": ""}, {"name": "CopyIcon()", "description": "Returns SVG for the copy/duplicate icon.", "scope": "", "scopeKind": ""}, {"name": "ExportIcon()", "description": "Returns SVG for the export icon.", "scope": "", "scopeKind": ""}, {"name": "ImportIcon()", "description": "Returns SVG for the import icon.", "scope": "", "scopeKind": ""}, {"name": "NoteEditor({ note, savingState,  onChangeTitle, onChangeBody, onRequestDelete, onDuplicate, onExportAll, onImportFileSelected, autoFocusTitleKey, })", "scope": "", "scopeKind": "", "description": "unavailable"}], "calls": ["React.useEffect", "React.useMemo", "React.useRef", "React.useState"], "search-terms": ["NoteEditor", "markdown", "preview toggle", "import/export", "duplicate note", "delete note", "React SVG icons", "note editing UI", "notes app frontend"], "state": 2, "file_id": 40, "knowledge_revision": 104, "git_revision": "4c99223034c13f82652a5b0a09868c76e9d721f9", "revision_history": [{"84": "4ab1ca9a6f9ece0e25f7639196ceddb6d532b28d"}, {"104": "4c99223034c13f82652a5b0a09868c76e9d721f9"}], "ctags": [{"_type": "tag", "name": "CopyIcon", "path": "/home/kavia/workspace/code-generation/simple-notes-application-304749-304832/notes_app_frontend/src/components/NoteEditor.js", "pattern": "/^function CopyIcon() {$/", "language": "JavaScript", "kind": "function", "signature": "()"}, {"_type": "tag", "name": "ExportIcon", "path": "/home/kavia/workspace/code-generation/simple-notes-application-304749-304832/notes_app_frontend/src/components/NoteEditor.js", "pattern": "/^function ExportIcon() {$/", "language": "JavaScript", "kind": "function", "signature": "()"}, {"_type": "tag", "name": "EyeIcon", "path": "/home/kavia/workspace/code-generation/simple-notes-application-304749-304832/notes_app_frontend/src/components/NoteEditor.js", "pattern": "/^function EyeIcon() {$/", "language": "JavaScript", "kind": "function", "signature": "()"}, {"_type": "tag", "name": "ImportIcon", "path": "/home/kavia/workspace/code-generation/simple-notes-application-304749-304832/notes_app_frontend/src/components/NoteEditor.js", "pattern": "/^function ImportIcon() {$/", "language": "JavaScript", "kind": "function", "signature": "()"}, {"_type": "tag", "name": "NoteEditor", "path": "/home/kavia/workspace/code-generation/simple-notes-application-304749-304832/notes_app_frontend/src/components/NoteEditor.js", "pattern": "/^export function NoteEditor({$/", "language": "JavaScript", "kind": "function", "signature": "({ note, savingState,  onChangeTitle, onChangeBody, onRequestDelete, onDuplicate, onExportAll, onImportFileSelected, autoFocusTitleKey, })"}, {"_type": "tag", "name": "TrashIcon", "path": "/home/kavia/workspace/code-generation/simple-notes-application-304749-304832/notes_app_frontend/src/components/NoteEditor.js", "pattern": "/^function TrashIcon() {$/", "language": "JavaScript", "kind": "function", "signature": "()"}, {"_type": "tag", "name": "null", "path": "/home/kavia/workspace/code-generation/simple-notes-application-304749-304832/notes_app_frontend/src/components/NoteEditor.js", "pattern": "/^            actionLabel={null}$/", "language": "JavaScript", "kind": "field", "scope": "NoteEditor.actionLabel", "scopeKind": "class"}], "hash": "544541e062bef957b50a1ee73fe60ca8", "format-version": 4, "code-base-name": "notes_app_frontend", "filename": "notes_app_frontend/src/components/NoteEditor.js", "fields": [{"name": "actionLabel={null}", "scope": "NoteEditor.actionLabel", "scopeKind": "class", "description": "unavailable"}]}