{"is_source_file": true, "format": "JavaScript", "description": "This file defines a React functional component named AppShell which acts as a layout container for a notes application, arranging header, sidebar, and main content in a responsive layout.", "external_files": ["react"], "external_methods": [], "published": ["AppShell"], "classes": [], "methods": [{"name": "AppShell({ header, sidebar, main })", "description": "React functional component that renders a layout container with header, sidebar, and main content.", "scope": "", "scopeKind": ""}], "calls": [], "search-terms": ["React", "AppShell", "layout", "components", "header", "sidebar", "main", "kv-app", "kv-gradient-bg"], "state": 2, "file_id": 35, "knowledge_revision": 79, "git_revision": "4ab1ca9a6f9ece0e25f7639196ceddb6d532b28d", "ctags": [{"_type": "tag", "name": "AppShell", "path": "/home/kavia/workspace/code-generation/simple-notes-application-304749-304832/notes_app_frontend/src/components/AppShell.js", "pattern": "/^export function AppShell({ header, sidebar, main }) {$/", "language": "JavaScript", "kind": "function", "signature": "({ header, sidebar, main })"}], "hash": "d057b21e4873171f30292548a68ccdde", "format-version": 4, "code-base-name": "notes_app_frontend", "filename": "notes_app_frontend/src/components/AppShell.js", "revision_history": [{"79": "4ab1ca9a6f9ece0e25f7639196ceddb6d532b28d"}]}