{"is_source_file": true, "format": "JavaScript", "description": "This file defines a React hook 'useToasts' that manages toast notifications for user feedback, including adding, removing, and auto-dismissing toasts.", "external_files": ["../utils/uuid"], "external_methods": ["uuidV4"], "published": ["useToasts"], "classes": [], "methods": [{"name": "useToasts()", "description": "A custom React hook for managing toast notifications, providing state and functions to add and remove toasts.", "scope": "", "scopeKind": ""}], "calls": ["React.useCallback", "React.useMemo", "React.useState", "window.setTimeout", "uuidV4"], "search-terms": ["useToasts", "toast notifications", "React hooks", "toastManager", "frontend"], "state": 2, "file_id": 22, "knowledge_revision": 66, "git_revision": "4ab1ca9a6f9ece0e25f7639196ceddb6d532b28d", "ctags": [{"_type": "tag", "name": "useToasts", "path": "/home/kavia/workspace/code-generation/simple-notes-application-304749-304832/notes_app_frontend/src/hooks/useToasts.js", "pattern": "/^export function useToasts() {$/", "language": "JavaScript", "kind": "function", "signature": "()"}], "hash": "fc3c26f4a334f005e770a12cb4cede5d", "format-version": 4, "code-base-name": "notes_app_frontend", "filename": "notes_app_frontend/src/hooks/useToasts.js", "revision_history": [{"66": "4ab1ca9a6f9ece0e25f7639196ceddb6d532b28d"}]}