{"is_source_file": false, "format": "CSS", "description": "This file contains CSS styles for the front-end of a notes application, including layout, components, and UI elements.", "external_files": [], "external_methods": [], "published": [], "classes": [], "methods": [], "calls": [], "search-terms": ["app.css", "notes application styles", "front-end CSS", "UI layout", "component styles", "responsive design"], "state": 2, "file_id": 14, "knowledge_revision": 107, "git_revision": "4c99223034c13f82652a5b0a09868c76e9d721f9", "hash": "5b361493b0defec83f19eb300cd8fe1f", "format-version": 4, "code-base-name": "notes_app_frontend", "filename": "notes_app_frontend/src/styles/app.css", "revision_history": [{"107": "4c99223034c13f82652a5b0a09868c76e9d721f9"}]}