{"is_source_file": true, "format": "JavaScript (React/JSX)", "description": "This file defines a React functional component named 'Toolbar' which renders a toolbar UI element with optional left and right content sections.", "external_files": [], "external_methods": [], "published": ["Toolbar"], "classes": [], "methods": [{"name": "Toolbar({ left, right })", "description": "A React functional component that renders a toolbar with left and right content sections.", "scope": "", "scopeKind": ""}], "calls": ["React"], "search-terms": ["React", "Toolbar", "UI component", "toolbar", "kv-toolbar", "kv-toolbar-left", "kv-toolbar-right"], "state": 2, "file_id": 29, "knowledge_revision": 73, "git_revision": "4ab1ca9a6f9ece0e25f7639196ceddb6d532b28d", "ctags": [{"_type": "tag", "name": "Toolbar", "path": "/home/kavia/workspace/code-generation/simple-notes-application-304749-304832/notes_app_frontend/src/components/ui/Toolbar.js", "pattern": "/^export function Toolbar({ left, right }) {$/", "language": "JavaScript", "kind": "function", "signature": "({ left, right })"}], "hash": "a930c406a33dba7216d8478e6b13c8cd", "format-version": 4, "code-base-name": "notes_app_frontend", "filename": "notes_app_frontend/src/components/ui/Toolbar.js", "revision_history": [{"73": "4ab1ca9a6f9ece0e25f7639196ceddb6d532b28d"}]}