{"is_source_file": true, "format": "JavaScript", "description": "This file defines a React functional component called NoteListItem that renders a list item for a note, displaying its title, a snippet of its content, and metadata including the last update time. It includes handlers for selection and keyboard events.", "external_files": ["../utils/datetime", "../types/note"], "external_methods": ["formatUpdatedAt"], "published": ["NoteListItem"], "classes": [], "methods": [{"name": "NoteListItem({ note, selected, onSelect, onKeyDown })", "description": "React functional component rendering a note item with title, snippet, and metadata, handling click and keyboard events.", "scope": "", "scopeKind": ""}], "calls": ["formatUpdatedAt(note.updatedAt)"], "search-terms": ["React component", "NoteListItem", "note snippet", "note title", "metadata", "onSelect", "onKeyDown", "props", "Note", "list item"], "state": 2, "file_id": 37, "knowledge_revision": 81, "git_revision": "4ab1ca9a6f9ece0e25f7639196ceddb6d532b28d", "ctags": [{"_type": "tag", "name": "NoteListItem", "path": "/home/kavia/workspace/code-generation/simple-notes-application-304749-304832/notes_app_frontend/src/components/NoteListItem.js", "pattern": "/^export function NoteListItem({ note, selected, onSelect, onKeyDown }) {$/", "language": "JavaScript", "kind": "function", "signature": "({ note, selected, onSelect, onKeyDown })"}, {"_type": "tag", "name": "selected", "path": "/home/kavia/workspace/code-generation/simple-notes-application-304749-304832/notes_app_frontend/src/components/NoteListItem.js", "pattern": "/^        aria-selected={selected}$/", "language": "JavaScript", "kind": "field", "scope": "NoteListItem.aria", "scopeKind": "class"}], "hash": "76969a7bf8d45f2e9165f1c03253c732", "format-version": 4, "code-base-name": "notes_app_frontend", "filename": "notes_app_frontend/src/components/NoteListItem.js", "fields": [{"name": "aria-selected={selected}", "scope": "NoteListItem.aria", "scopeKind": "class", "description": "unavailable"}], "revision_history": [{"81": "4ab1ca9a6f9ece0e25f7639196ceddb6d532b28d"}]}