{"is_source_file": true, "format": "JavaScript", "description": "React hook 'useLocalStorage' for persisting React state in local storage with JSON serialization.", "external_files": ["react"], "external_methods": ["useEffect", "useState"], "published": ["useLocalStorage"], "classes": [], "methods": [{"name": "useLocalStorage(key, initialValue)", "description": "Custom React hook to synchronize state with localStorage, with JSON serialization and fallback.", "scope": "", "scopeKind": ""}], "calls": ["window.localStorage.getItem", "JSON.parse", "window.localStorage.setItem", "JSON.stringify"], "search-terms": ["useLocalStorage", "React hook", "localStorage", "persist state", "JSON serialization"], "state": 2, "file_id": 20, "knowledge_revision": 64, "git_revision": "4ab1ca9a6f9ece0e25f7639196ceddb6d532b28d", "ctags": [{"_type": "tag", "name": "useLocalStorage", "path": "/home/kavia/workspace/code-generation/simple-notes-application-304749-304832/notes_app_frontend/src/hooks/useLocalStorage.js", "pattern": "/^export function useLocalStorage(key, initialValue) {$/", "language": "JavaScript", "kind": "function", "signature": "(key, initialValue)"}], "hash": "32a868da5b637f9dbea90f95de7774a3", "format-version": 4, "code-base-name": "notes_app_frontend", "filename": "notes_app_frontend/src/hooks/useLocalStorage.js", "revision_history": [{"64": "4ab1ca9a6f9ece0e25f7639196ceddb6d532b28d"}]}