{"is_source_file": true, "format": "JavaScript (React component)", "description": "This file defines a React functional component named TextArea, which renders a reusable textarea input with an optional label. It utilizes React hooks such as useId to generate unique IDs for accessibility.", "external_files": ["react"], "external_methods": ["useId"], "published": ["TextArea"], "classes": [], "methods": [{"name": "TextArea({ label, className = \"\", id, ...props })", "description": "A React functional component that renders a labeled textarea input, with support for custom class names and ID handling.", "scope": "", "scopeKind": ""}], "calls": ["useId"], "search_terms": ["TextArea", "react", "component", "label", "textarea", "useId"], "state": 2, "file_id": 27, "knowledge_revision": 87, "git_revision": "e28d3a7d05c21d6cc9b61bdf7b6b59171df63f0b", "revision_history": [{"71": "4ab1ca9a6f9ece0e25f7639196ceddb6d532b28d"}, {"87": "e28d3a7d05c21d6cc9b61bdf7b6b59171df63f0b"}], "ctags": [{"_type": "tag", "name": "TextArea", "path": "/home/kavia/workspace/code-generation/simple-notes-application-304749-304832/notes_app_frontend/src/components/ui/TextArea.js", "pattern": "/^export function TextArea({ label, className = \"\", id, ...props }) {$/", "language": "JavaScript", "kind": "function", "signature": "({ label, className = \"\", id, ...props })"}, {"_type": "tag", "name": "kv-field ${className}", "path": "/home/kavia/workspace/code-generation/simple-notes-application-304749-304832/notes_app_frontend/src/components/ui/TextArea.js", "pattern": "/^    <div className={`kv-field ${className}`.trim()}>$/", "language": "JavaScript", "kind": "field", "scope": "TextArea.AnonymousClassce20f53a0101", "scopeKind": "class"}], "hash": "90b305ef94a38903f7f718f99c0804d4", "format-version": 4, "code-base-name": "notes_app_frontend", "filename": "notes_app_frontend/src/components/ui/TextArea.js", "search-terms": [], "fields": [{"name": "<div className={`kv-field ${className}`.trim()}>", "scope": "TextArea.AnonymousClassce20f53a0101", "scopeKind": "class", "description": "unavailable"}]}