{"is_source_file": false, "format": "", "description": "", "external_files": [], "external_methods": [], "published": [], "classes": [], "methods": [], "calls": [], "search-terms": [], "state": 2, "file_id": 9, "knowledge_revision": 16, "git_revision": "b9b94d7569c986aa5079501b99a29f20bca1029c", "hash": "22f9e17cc1848b56dbb244518ac2707e", "format-version": 4, "code-base-name": "notes_app_frontend", "filename": "notes_app_frontend/src/App.css", "revision_history": [{"16": "b9b94d7569c986aa5079501b99a29f20bca1029c"}]}