{"is_source_file": true, "format": "JavaScript (React JSX)", "description": "This file defines a reusable React functional component named 'Input' which renders a labeled input field, optionally associated via an HTML label for accessibility. It utilizes React hooks such as useId to generate unique IDs for input-label associations and supports forwarding refs.", "external_files": ["react"], "external_methods": ["React.forwardRef", "useId"], "published": ["Input"], "classes": [], "methods": [{"name": "Input({ label, className = \"\", id, ...props }, ref)", "description": "A React functional component that renders a labeled input box with support for forwarding refs and auto-generated IDs for accessibility.", "scope": "", "scopeKind": ""}], "calls": ["React.forwardRef", "useId"], "search-terms": ["React", "Input component", "forwardRef", "useId", "labeled input", "react component", "UI input"], "state": 2, "file_id": 26, "knowledge_revision": 105, "git_revision": "4c99223034c13f82652a5b0a09868c76e9d721f9", "revision_history": [{"70": "4ab1ca9a6f9ece0e25f7639196ceddb6d532b28d"}, {"86": "e28d3a7d05c21d6cc9b61bdf7b6b59171df63f0b"}, {"105": "4c99223034c13f82652a5b0a09868c76e9d721f9"}], "ctags": [{"_type": "tag", "name": "Input", "path": "/home/kavia/workspace/code-generation/simple-notes-application-304749-304832/notes_app_frontend/src/components/ui/Input.js", "pattern": "/^export const Input = forwardRef(function Input({ label, className = \"\", id, ...props }, ref) {$/", "language": "JavaScript", "kind": "constant"}, {"_type": "tag", "name": "Input", "path": "/home/kavia/workspace/code-generation/simple-notes-application-304749-304832/notes_app_frontend/src/components/ui/Input.js", "pattern": "/^export const Input = forwardRef(function Input({ label, className = \"\", id, ...props }, ref) {$/", "language": "JavaScript", "kind": "function", "signature": "({ label, className = \"\", id, ...props }, ref)"}, {"_type": "tag", "name": "kv-field ${className}", "path": "/home/kavia/workspace/code-generation/simple-notes-application-304749-304832/notes_app_frontend/src/components/ui/Input.js", "pattern": "/^    <div className={`kv-field ${className}`.trim()}>$/", "language": "JavaScript", "kind": "field", "scope": "Input.AnonymousClass51c5e92c0101", "scopeKind": "class"}], "hash": "11f5a2adce971e5695873199aed7b3ac", "format-version": 4, "code-base-name": "notes_app_frontend", "filename": "notes_app_frontend/src/components/ui/Input.js", "fields": [{"name": "<div className={`kv-field ${className}`.trim()}>", "scope": "Input.AnonymousClass51c5e92c0101", "scopeKind": "class", "description": "unavailable"}]}