{"is_source_file": true, "format": "JavaScript", "description": "This file defines the utility function 'formatUpdatedAt' used to format timestamps for display in a notes application.", "external_files": [], "external_methods": [], "published": ["formatUpdatedAt"], "classes": [], "methods": [{"name": "formatUpdatedAt(ts)", "description": "Formats a timestamp into a human-readable string, showing either time or date depending on whether the timestamp is from the current day.", "scope": "", "scopeKind": ""}], "calls": ["new Date", "d.toLocaleTimeString", "d.toLocaleDateString"], "search-terms": ["formatUpdatedAt", "timestamp formatting", "notes app", "utils", "datetime"], "state": 2, "file_id": 17, "knowledge_revision": 61, "git_revision": "4ab1ca9a6f9ece0e25f7639196ceddb6d532b28d", "ctags": [{"_type": "tag", "name": "formatUpdatedAt", "path": "/home/kavia/workspace/code-generation/simple-notes-application-304749-304832/notes_app_frontend/src/utils/datetime.js", "pattern": "/^export function formatUpdatedAt(ts) {$/", "language": "JavaScript", "kind": "function", "signature": "(ts)"}], "hash": "558291f0c7458da71fdd264e56741114", "format-version": 4, "code-base-name": "notes_app_frontend", "filename": "notes_app_frontend/src/utils/datetime.js", "revision_history": [{"61": "4ab1ca9a6f9ece0e25f7639196ceddb6d532b28d"}]}