{"is_source_file": true, "format": "JavaScript (React JSX)", "description": "A React functional component defining a reusable Button component with theme variants and customizable styling.", "external_files": ["react"], "external_methods": [], "published": ["Button"], "classes": [], "methods": [{"name": "Button({ variant = \"default\", children, className = \"\", ...props })", "description": "A reusable React component that renders a styled button with theme variants and optional class names.", "scope": "", "scopeKind": ""}], "calls": ["React"], "search-terms": ["Button", "React", "variant", "props", "JSX", "UI component"], "state": 2, "file_id": 24, "knowledge_revision": 68, "git_revision": "4ab1ca9a6f9ece0e25f7639196ceddb6d532b28d", "ctags": [{"_type": "tag", "name": "${variantClass} kv-focus-ring ${className}", "path": "/home/kavia/workspace/code-generation/simple-notes-application-304749-304832/notes_app_frontend/src/components/ui/Button.js", "pattern": "/^    <button className={`${variantClass} kv-focus-ring ${className}`.trim()} {...props}>$/", "language": "JavaScript", "kind": "field", "scope": "Button.AnonymousClass024431f80101", "scopeKind": "class"}, {"_type": "tag", "name": "Button", "path": "/home/kavia/workspace/code-generation/simple-notes-application-304749-304832/notes_app_frontend/src/components/ui/Button.js", "pattern": "/^export function Button({ variant = \"default\", children, className = \"\", ...props }) {$/", "language": "JavaScript", "kind": "function", "signature": "({ variant = \"default\", children, className = \"\", ...props })"}], "hash": "6ab6b3f8ec877db6addff4f0c40bcffc", "format-version": 4, "code-base-name": "notes_app_frontend", "filename": "notes_app_frontend/src/components/ui/Button.js", "fields": [{"name": "<button className={`${variantClass} kv-focus-ring ${className}`.trim()} {...props}>", "scope": "Button.AnonymousClass024431f80101", "scopeKind": "class", "description": "unavailable"}], "revision_history": [{"68": "4ab1ca9a6f9ece0e25f7639196ceddb6d532b28d"}]}