{"is_source_file": false, "format": "", "description": "", "external_files": [], "external_methods": [], "published": [], "classes": [], "methods": [], "calls": [], "search-terms": [], "state": 2, "file_id": 13, "knowledge_revision": 34, "git_revision": "4ab1ca9a6f9ece0e25f7639196ceddb6d532b28d", "hash": "cf47c3b9b46ee19ce763c28eb795df23", "format-version": 4, "code-base-name": "notes_app_frontend", "filename": "notes_app_frontend/src/styles/theme.css", "revision_history": [{"34": "4ab1ca9a6f9ece0e25f7639196ceddb6d532b28d"}]}