{"is_source_file": true, "format": "JavaScript (React JSX)", "description": "Main application component for a React-based notes app that manages notes state, user interactions, and UI layout.", "external_files": ["./components/AppHeader", "./components/AppShell", "./components/NotesSidebar", "./components/NoteEditor", "./components/ConfirmDeleteModal", "./components/ui/ToastRegion", "./components/ui/Button", "./hooks/useNotes", "./hooks/useDebouncedCallback", "./hooks/useToasts", "./index.css"], "external_methods": ["useNotes", "useDebouncedCallback", "useToasts", "setSelectedNoteId", "getNoteById", "createNote", "updateNote", "deleteNote", "searchNotes", "pushToast", "removeToast"], "published": ["App"], "classes": [], "methods": [{"name": "App()", "description": "Main React functional component for the notes application. Manages state, effects, and renders layout.", "scope": "", "scopeKind": ""}], "calls": ["useNotes", "useDebouncedCallback", "useToasts", "setSelectedNoteId", "getNoteById", "createNote", "updateNote", "deleteNote", "searchNotes", "pushToast", "removeToast"], "search-terms": ["React notes app", "useNotes hook", "NotesSidebar", "NoteEditor", "ConfirmDeleteModal", "useDebouncedCallback", "toast notifications", "note CRUD operations"], "state": 2, "file_id": 8, "knowledge_revision": 57, "git_revision": "4ab1ca9a6f9ece0e25f7639196ceddb6d532b28d", "ctags": [{"_type": "tag", "name": "API_BASE", "path": "/home/kavia/workspace/code-generation/simple-notes-application-304749-304832/notes_app_frontend/src/App.js", "pattern": "/^const API_BASE = process.env.REACT_APP_API_BASE || \"\";$/", "language": "JavaScript", "kind": "constant"}, {"_type": "tag", "name": "App", "path": "/home/kavia/workspace/code-generation/simple-notes-application-304749-304832/notes_app_frontend/src/App.js", "pattern": "/^function App() {$/", "language": "JavaScript", "kind": "function", "signature": "()"}, {"_type": "tag", "name": "confirmDeleteOpen", "path": "/home/kavia/workspace/code-generation/simple-notes-application-304749-304832/notes_app_frontend/src/App.js", "pattern": "/^        open={confirmDeleteOpen}$/", "language": "JavaScript", "kind": "field", "scope": "App.open", "scopeKind": "class"}, {"_type": "tag", "name": "onConfirmDelete", "path": "/home/kavia/workspace/code-generation/simple-notes-application-304749-304832/notes_app_frontend/src/App.js", "pattern": "/^        onConfirm={onConfirmDelete}$/", "language": "JavaScript", "kind": "field", "scope": "App.onConfirm", "scopeKind": "class"}, {"_type": "tag", "name": "selectedNote", "path": "/home/kavia/workspace/code-generation/simple-notes-application-304749-304832/notes_app_frontend/src/App.js", "pattern": "/^        noteTitle={selectedNote?.title}$/", "language": "JavaScript", "kind": "field", "scope": "App.noteTitle", "scopeKind": "class"}], "hash": "2298b58961e8b00a0b0ae3150961304f", "format-version": 4, "code-base-name": "notes_app_frontend", "filename": "notes_app_frontend/src/App.js", "fields": [{"name": "open={confirmDeleteOpen}", "scope": "App.open", "scopeKind": "class", "description": "unavailable"}, {"name": "onConfirm={onConfirmDelete}", "scope": "App.onConfirm", "scopeKind": "class", "description": "unavailable"}, {"name": "noteTitle={selectedNote?.title}", "scope": "App.noteTitle", "scopeKind": "class", "description": "unavailable"}], "revision_history": [{"57": "4ab1ca9a6f9ece0e25f7639196ceddb6d532b28d"}]}