{"is_source_file": true, "format": "JavaScript", "description": "This source file defines a React functional component 'IconButton' which renders a button with accessible labels and customizable styling.", "external_files": ["react"], "external_methods": [], "published": ["IconButton"], "classes": [], "methods": [{"name": "IconButton({ label, children, className = \"\", ...props })", "description": "A React functional component that renders an accessible icon-only button with label and customizable class names.", "scope": "", "scopeKind": ""}], "calls": ["React"], "search-terms": ["IconButton", "React component", "accessible button", "icon-only button", "ui component"], "state": 2, "file_id": 25, "knowledge_revision": 69, "git_revision": "4ab1ca9a6f9ece0e25f7639196ceddb6d532b28d", "ctags": [{"_type": "tag", "name": "IconButton", "path": "/home/kavia/workspace/code-generation/simple-notes-application-304749-304832/notes_app_frontend/src/components/ui/IconButton.js", "pattern": "/^export function IconButton({ label, children, className = \"\", ...props }) {$/", "language": "JavaScript", "kind": "function", "signature": "({ label, children, className = \"\", ...props })"}, {"_type": "tag", "name": "kv-icon-btn kv-focus-ring ${className}", "path": "/home/kavia/workspace/code-generation/simple-notes-application-304749-304832/notes_app_frontend/src/components/ui/IconButton.js", "pattern": "/^      className={`kv-icon-btn kv-focus-ring ${className}`.trim()}$/", "language": "JavaScript", "kind": "field", "scope": "IconButton.className", "scopeKind": "class"}, {"_type": "tag", "name": "label", "path": "/home/kavia/workspace/code-generation/simple-notes-application-304749-304832/notes_app_frontend/src/components/ui/IconButton.js", "pattern": "/^      aria-label={label}$/", "language": "JavaScript", "kind": "field", "scope": "IconButton.aria", "scopeKind": "class"}, {"_type": "tag", "name": "label", "path": "/home/kavia/workspace/code-generation/simple-notes-application-304749-304832/notes_app_frontend/src/components/ui/IconButton.js", "pattern": "/^      title={label}$/", "language": "JavaScript", "kind": "field", "scope": "IconButton.title", "scopeKind": "class"}], "hash": "ef72fe4b1dbdd7f639828da09aa43e96", "format-version": 4, "code-base-name": "notes_app_frontend", "filename": "notes_app_frontend/src/components/ui/IconButton.js", "fields": [{"name": "className={`kv-icon-btn kv-focus-ring ${className}`.trim()}", "scope": "IconButton.className", "scopeKind": "class", "description": "unavailable"}, {"name": "aria-label={label}", "scope": "IconButton.aria", "scopeKind": "class", "description": "unavailable"}, {"name": "title={label}", "scope": "IconButton.title", "scopeKind": "class", "description": "unavailable"}], "revision_history": [{"69": "4ab1ca9a6f9ece0e25f7639196ceddb6d532b28d"}]}