{"is_source_file": false, "format": null, "description": "", "external_files": [], "external_methods": [], "published": [], "classes": [], "methods": [], "calls": [], "search-terms": [], "state": 2, "file_id": 2, "knowledge_revision": 22, "git_revision": "b9b94d7569c986aa5079501b99a29f20bca1029c", "hash": "d9d975cebe2ec20b6c652e1e4c12ccf0", "format-version": 4, "code-base-name": "notes_app_frontend", "filename": "notes_app_frontend/public/manifest.json", "revision_history": [{"22": "b9b94d7569c986aa5079501b99a29f20bca1029c"}]}