{"is_source_file": true, "format": "JavaScript", "description": "This file contains a React custom hook `useNotes` that manages a notes application's state, including creating, updating, deleting, and searching notes. It uses localStorage for persistence and includes utility functions for normalizing and seed data.", "external_files": ["./useLocalStorage", "../utils/uuid", "../types/note"], "external_methods": ["useLocalStorage", "uuidV4"], "published": ["useNotes"], "classes": [], "methods": [{"name": "useNotes()", "description": "Main hook that provides CRUD operations, sorting, and searching on notes with localStorage persistence.", "scope": "", "scopeKind": ""}, {"name": "coerceEnvelope(raw)", "scope": "", "scopeKind": "", "description": "unavailable"}, {"name": "makeInitialEnvelope()", "scope": "", "scopeKind": "", "description": "unavailable"}, {"name": "normalizeNote(note)", "scope": "", "scopeKind": "", "description": "unavailable"}, {"name": "seedNotes()", "scope": "", "scopeKind": "", "description": "unavailable"}], "calls": ["useLocalStorage", "uuidV4", "useMemo", "useCallback", "coerceEnvelope", "normalizeNote", "setEnvelope"], "search-terms": ["useNotes", "normalizeNote", "coerceEnvelope", "seedNotes", "localStorage", "notes management", "React hook", "notes CRUD", "searchNotes"], "state": 2, "file_id": 23, "knowledge_revision": 95, "git_revision": "0c371589b13bc9a64da449e23cbc36e5bdb72179", "revision_history": [{"67": "4ab1ca9a6f9ece0e25f7639196ceddb6d532b28d"}, {"90": "e28d3a7d05c21d6cc9b61bdf7b6b59171df63f0b"}, {"95": "0c371589b13bc9a64da449e23cbc36e5bdb72179"}], "ctags": [{"_type": "tag", "name": "STORAGE_KEY", "path": "/home/kavia/workspace/code-generation/simple-notes-application-304749-304832/notes_app_frontend/src/hooks/useNotes.js", "pattern": "/^const STORAGE_KEY = \"ocean-notes:v1\";$/", "language": "JavaScript", "kind": "constant"}, {"_type": "tag", "name": "STORAGE_VERSION", "path": "/home/kavia/workspace/code-generation/simple-notes-application-304749-304832/notes_app_frontend/src/hooks/useNotes.js", "pattern": "/^const STORAGE_VERSION = 1;$/", "language": "JavaScript", "kind": "constant"}, {"_type": "tag", "name": "coerceEnvelope", "path": "/home/kavia/workspace/code-generation/simple-notes-application-304749-304832/notes_app_frontend/src/hooks/useNotes.js", "pattern": "/^function coerceEnvelope(raw) {$/", "language": "JavaScript", "kind": "function", "signature": "(raw)"}, {"_type": "tag", "name": "makeInitialEnvelope", "path": "/home/kavia/workspace/code-generation/simple-notes-application-304749-304832/notes_app_frontend/src/hooks/useNotes.js", "pattern": "/^function makeInitialEnvelope() {$/", "language": "JavaScript", "kind": "function", "signature": "()"}, {"_type": "tag", "name": "normalizeNote", "path": "/home/kavia/workspace/code-generation/simple-notes-application-304749-304832/notes_app_frontend/src/hooks/useNotes.js", "pattern": "/^function normalizeNote(note) {$/", "language": "JavaScript", "kind": "function", "signature": "(note)"}, {"_type": "tag", "name": "seedNotes", "path": "/home/kavia/workspace/code-generation/simple-notes-application-304749-304832/notes_app_frontend/src/hooks/useNotes.js", "pattern": "/^function seedNotes() {$/", "language": "JavaScript", "kind": "function", "signature": "()"}, {"_type": "tag", "name": "useNotes", "path": "/home/kavia/workspace/code-generation/simple-notes-application-304749-304832/notes_app_frontend/src/hooks/useNotes.js", "pattern": "/^export function useNotes() {$/", "language": "JavaScript", "kind": "function", "signature": "()"}], "hash": "163d33b6021c754f9913bd658fb977e6", "format-version": 4, "code-base-name": "notes_app_frontend", "filename": "notes_app_frontend/src/hooks/useNotes.js"}