{"is_source_file": true, "format": "JavaScript (React)", "description": "This file defines the React component 'NotesSidebar' which provides a sidebar interface for viewing, searching, and managing notes within a note-taking application. It includes UI elements such as search input, create button, and a list of note items with keyboard navigation support.", "external_files": ["./ui/Card", "./ui/Input", "./ui/Button", "./NoteListItem", "./ui/Spinner", "./EmptyState"], "external_methods": [], "published": ["NotesSidebar"], "classes": [], "methods": [{"name": "onListKeyDown", "description": "Handles keyboard navigation within the notes list, allowing users to move focus with arrow keys, Home, and End keys."}, {"name": "NotesSidebar({ notes, selectedNoteId, searchQuery, setSearchQuery, onCreate, onSelect, onTogglePinned, loading = false, error = null, })", "scope": "", "scopeKind": "", "description": "unavailable"}], "calls": ["React.useMemo", "React.useRef", "notes.some", "notes.findIndex", "window.requestAnimationFrame", "onSelect", "setSearchQuery", "onCreate", "onTogglePinned"], "search-terms": ["NotesSidebar", "keyboard navigation", "note filtering", "note list", "search input", "note selection", "React components", "listbox"], "state": 2, "file_id": 38, "knowledge_revision": 103, "git_revision": "4c99223034c13f82652a5b0a09868c76e9d721f9", "revision_history": [{"82": "4ab1ca9a6f9ece0e25f7639196ceddb6d532b28d"}, {"89": "e28d3a7d05c21d6cc9b61bdf7b6b59171df63f0b"}, {"96": "497817401a97cb13ffc2226247d6636e28dc0f43"}, {"99": "255d8ecdd91796eeec6cbea059c63fd447da4679"}, {"103": "4c99223034c13f82652a5b0a09868c76e9d721f9"}], "ctags": [{"_type": "tag", "name": "NotesSidebar", "path": "/home/kavia/workspace/code-generation/simple-notes-application-304749-304832/notes_app_frontend/src/components/NotesSidebar.js", "pattern": "/^export function NotesSidebar({$/", "language": "JavaScript", "kind": "function", "signature": "({ notes, selectedNoteId, searchQuery, setSearchQuery, onCreate, onSelect, onTogglePinned, loading = false, error = null, })"}, {"_type": "tag", "name": "searchQuery", "path": "/home/kavia/workspace/code-generation/simple-notes-application-304749-304832/notes_app_frontend/src/components/NotesSidebar.js", "pattern": "/^            value={searchQuery}$/", "language": "JavaScript", "kind": "field", "scope": "NotesSidebar.value", "scopeKind": "class"}], "hash": "2f27c8a0f8b493cc00ac6974aa2fa42e", "format-version": 4, "code-base-name": "notes_app_frontend", "filename": "notes_app_frontend/src/components/NotesSidebar.js", "fields": [{"name": "value={searchQuery}", "scope": "NotesSidebar.value", "scopeKind": "class", "description": "unavailable"}]}