{"is_source_file": true, "format": "JavaScript (React)", "description": "This file is the main entry point for a React-based frontend application. It imports essential libraries, CSS, and the main App component, then renders the App component into the DOM.", "external_files": ["react", "react-dom/client", "./index.css", "./App"], "external_methods": [], "published": [], "classes": [], "methods": [{"name": "ReactDOM.createRoot", "description": "Creates a React root for rendering the app into the DOM."}, {"name": "root.render", "description": "Renders the React component tree into the specified DOM node."}], "calls": ["ReactDOM.createRoot", "root.render", "document.getElementById", "React.StrictMode", "App"], "search-terms": ["index.js", "ReactDOM", "React", "createRoot", "render", "App component", "entry point", "DOM mounting"], "state": 2, "file_id": 4, "knowledge_revision": 24, "git_revision": "b9b94d7569c986aa5079501b99a29f20bca1029c", "ctags": [{"_type": "tag", "name": "root", "path": "/home/kavia/workspace/code-generation/simple-notes-application-304749-304832/notes_app_frontend/src/index.js", "pattern": "/^const root = ReactDOM.createRoot(document.getElementById('root'));$/", "language": "JavaScript", "kind": "constant"}], "hash": "9fc5841375336fc175b49f8767a11383", "format-version": 4, "code-base-name": "notes_app_frontend", "filename": "notes_app_frontend/src/index.js", "revision_history": [{"24": "b9b94d7569c986aa5079501b99a29f20bca1029c"}]}