{"is_source_file": true, "format": "JavaScript (React/JSX)", "description": "Main application component (App.js) for a React-based notes application, managing state, hooks, and rendering core UI components.", "external_files": ["./components/AppHeader", "./components/AppShell", "./components/NotesSidebar", "./components/NoteEditor", "./components/ConfirmDeleteModal", "./components/ui/ToastRegion", "./components/ui/Button", "./hooks/useNotes", "./hooks/useDebouncedCallback", "./hooks/useToasts"], "external_methods": ["useNotes", "useDebouncedCallback", "useToasts", "createNote", "updateNote", "togglePinned", "duplicateNote", "deleteNote", "getNoteById", "searchNotes", "exportNotesToFile", "importNotesFromJsonText"], "published": ["App"], "classes": [], "methods": [{"name": "App()", "description": "Main React component managing notes app state, interactions, and rendering.", "scope": "", "scopeKind": ""}], "calls": ["useNotes", "useToasts", "useDebouncedCallback", "setSelectedNoteId", "setSearchQuery", "getNoteById", "createNote", "updateNote", "togglePinned", "duplicateNote", "deleteNote", "searchNotes", "exportNotesToFile", "importNotesFromJsonText", "pushToast", "removeToast", "setAutoFocusTitleKey", "setSavingState"], "search-terms": ["React App", "Notes management", "useNotes hook", "useToasts hook", "NoteEditor", "NotesSidebar", "ConfirmDeleteModal", "exportNotes", "importNotes", "autosave"], "state": 2, "file_id": 8, "knowledge_revision": 106, "git_revision": "4c99223034c13f82652a5b0a09868c76e9d721f9", "revision_history": [{"57": "4ab1ca9a6f9ece0e25f7639196ceddb6d532b28d"}, {"106": "4c99223034c13f82652a5b0a09868c76e9d721f9"}], "ctags": [{"_type": "tag", "name": "API_BASE", "path": "/home/kavia/workspace/code-generation/simple-notes-application-304749-304832/notes_app_frontend/src/App.js", "pattern": "/^const API_BASE = process.env.REACT_APP_API_BASE || \"\";$/", "language": "JavaScript", "kind": "constant"}, {"_type": "tag", "name": "App", "path": "/home/kavia/workspace/code-generation/simple-notes-application-304749-304832/notes_app_frontend/src/App.js", "pattern": "/^function App() {$/", "language": "JavaScript", "kind": "function", "signature": "()"}, {"_type": "tag", "name": "confirmDeleteOpen", "path": "/home/kavia/workspace/code-generation/simple-notes-application-304749-304832/notes_app_frontend/src/App.js", "pattern": "/^        open={confirmDeleteOpen}$/", "language": "JavaScript", "kind": "field", "scope": "App.open", "scopeKind": "class"}, {"_type": "tag", "name": "onConfirmDelete", "path": "/home/kavia/workspace/code-generation/simple-notes-application-304749-304832/notes_app_frontend/src/App.js", "pattern": "/^        onConfirm={onConfirmDelete}$/", "language": "JavaScript", "kind": "field", "scope": "App.onConfirm", "scopeKind": "class"}, {"_type": "tag", "name": "selectedNote", "path": "/home/kavia/workspace/code-generation/simple-notes-application-304749-304832/notes_app_frontend/src/App.js", "pattern": "/^        noteTitle={selectedNote?.title}$/", "language": "JavaScript", "kind": "field", "scope": "App.noteTitle", "scopeKind": "class"}], "hash": "8d3b5c021c8961cff4fbf39404b43457", "format-version": 4, "code-base-name": "notes_app_frontend", "filename": "notes_app_frontend/src/App.js", "fields": [{"name": "open={confirmDeleteOpen}", "scope": "App.open", "scopeKind": "class", "description": "unavailable"}, {"name": "onConfirm={onConfirmDelete}", "scope": "App.onConfirm", "scopeKind": "class", "description": "unavailable"}, {"name": "noteTitle={selectedNote?.title}", "scope": "App.noteTitle", "scopeKind": "class", "description": "unavailable"}]}