{"is_source_file": true, "format": "JavaScript", "description": "This file defines a custom React hook `useNotes` that manages a note-taking application's state, including creation, editing, deletion, import/export, and sorting of notes. It uses local storage for persistence and provides utility functions for handling note data.", "external_files": ["./useLocalStorage", "../utils/uuid", "../types/note"], "external_methods": ["useLocalStorage", "uuidV4"], "published": ["useNotes"], "classes": [], "methods": [{"name": "useNotes()", "description": "Main hook that manages notes state and provides CRUD operations, search, sorting, import/export functionalities.", "scope": "", "scopeKind": ""}, {"name": "coerceEnvelope(raw)", "scope": "", "scopeKind": "", "description": "unavailable"}, {"name": "fileSafeName(name)", "scope": "", "scopeKind": "", "description": "unavailable"}, {"name": "isPlainObject(v)", "scope": "", "scopeKind": "", "description": "unavailable"}, {"name": "makeInitialEnvelope()", "scope": "", "scopeKind": "", "description": "unavailable"}, {"name": "normalizeNote(note)", "scope": "", "scopeKind": "", "description": "unavailable"}, {"name": "seedNotes()", "scope": "", "scopeKind": "", "description": "unavailable"}, {"name": "toSafeBoolean(v, fallback = false)", "scope": "", "scopeKind": "", "description": "unavailable"}, {"name": "toSafeString(v)", "scope": "", "scopeKind": "", "description": "unavailable"}, {"name": "toSafeTimestamp(v, fallback)", "scope": "", "scopeKind": "", "description": "unavailable"}], "calls": ["useCallback", "useMemo", "setEnvelope", "coerceEnvelope", "normalizeNote", "uuidV4", "Date.now", "JSON.stringify", "URL.createObjectURL", "document.createElement", "a.click", "URL.revokeObjectURL", "JSON.parse"], "search-terms": ["useNotes", "notes management", "localStorage notes", "import export notes", "note normalization", "pinned sorting", "note duplicate", "note update", "note delete", "notes search"], "state": 2, "file_id": 23, "knowledge_revision": 101, "git_revision": "4c99223034c13f82652a5b0a09868c76e9d721f9", "revision_history": [{"67": "4ab1ca9a6f9ece0e25f7639196ceddb6d532b28d"}, {"90": "e28d3a7d05c21d6cc9b61bdf7b6b59171df63f0b"}, {"95": "0c371589b13bc9a64da449e23cbc36e5bdb72179"}, {"98": "497817401a97cb13ffc2226247d6636e28dc0f43"}, {"101": "4c99223034c13f82652a5b0a09868c76e9d721f9"}], "ctags": [{"_type": "tag", "name": "STORAGE_KEY", "path": "/home/kavia/workspace/code-generation/simple-notes-application-304749-304832/notes_app_frontend/src/hooks/useNotes.js", "pattern": "/^const STORAGE_KEY = \"ocean-notes:v1\";$/", "language": "JavaScript", "kind": "constant"}, {"_type": "tag", "name": "STORAGE_VERSION", "path": "/home/kavia/workspace/code-generation/simple-notes-application-304749-304832/notes_app_frontend/src/hooks/useNotes.js", "pattern": "/^const STORAGE_VERSION = 1;$/", "language": "JavaScript", "kind": "constant"}, {"_type": "tag", "name": "coerceEnvelope", "path": "/home/kavia/workspace/code-generation/simple-notes-application-304749-304832/notes_app_frontend/src/hooks/useNotes.js", "pattern": "/^function coerceEnvelope(raw) {$/", "language": "JavaScript", "kind": "function", "signature": "(raw)"}, {"_type": "tag", "name": "fileSafeName", "path": "/home/kavia/workspace/code-generation/simple-notes-application-304749-304832/notes_app_frontend/src/hooks/useNotes.js", "pattern": "/^function fileSafeName(name) {$/", "language": "JavaScript", "kind": "function", "signature": "(name)"}, {"_type": "tag", "name": "isPlainObject", "path": "/home/kavia/workspace/code-generation/simple-notes-application-304749-304832/notes_app_frontend/src/hooks/useNotes.js", "pattern": "/^function isPlainObject(v) {$/", "language": "JavaScript", "kind": "function", "signature": "(v)"}, {"_type": "tag", "name": "makeInitialEnvelope", "path": "/home/kavia/workspace/code-generation/simple-notes-application-304749-304832/notes_app_frontend/src/hooks/useNotes.js", "pattern": "/^function makeInitialEnvelope() {$/", "language": "JavaScript", "kind": "function", "signature": "()"}, {"_type": "tag", "name": "normalizeNote", "path": "/home/kavia/workspace/code-generation/simple-notes-application-304749-304832/notes_app_frontend/src/hooks/useNotes.js", "pattern": "/^function normalizeNote(note) {$/", "language": "JavaScript", "kind": "function", "signature": "(note)"}, {"_type": "tag", "name": "seedNotes", "path": "/home/kavia/workspace/code-generation/simple-notes-application-304749-304832/notes_app_frontend/src/hooks/useNotes.js", "pattern": "/^function seedNotes() {$/", "language": "JavaScript", "kind": "function", "signature": "()"}, {"_type": "tag", "name": "toSafeBoolean", "path": "/home/kavia/workspace/code-generation/simple-notes-application-304749-304832/notes_app_frontend/src/hooks/useNotes.js", "pattern": "/^function toSafeBoolean(v, fallback = false) {$/", "language": "JavaScript", "kind": "function", "signature": "(v, fallback = false)"}, {"_type": "tag", "name": "toSafeString", "path": "/home/kavia/workspace/code-generation/simple-notes-application-304749-304832/notes_app_frontend/src/hooks/useNotes.js", "pattern": "/^function toSafeString(v) {$/", "language": "JavaScript", "kind": "function", "signature": "(v)"}, {"_type": "tag", "name": "toSafeTimestamp", "path": "/home/kavia/workspace/code-generation/simple-notes-application-304749-304832/notes_app_frontend/src/hooks/useNotes.js", "pattern": "/^function toSafeTimestamp(v, fallback) {$/", "language": "JavaScript", "kind": "function", "signature": "(v, fallback)"}, {"_type": "tag", "name": "useNotes", "path": "/home/kavia/workspace/code-generation/simple-notes-application-304749-304832/notes_app_frontend/src/hooks/useNotes.js", "pattern": "/^export function useNotes() {$/", "language": "JavaScript", "kind": "function", "signature": "()"}], "hash": "0e58671bec248de6fda2d815ac4ac55b", "format-version": 4, "code-base-name": "notes_app_frontend", "filename": "notes_app_frontend/src/hooks/useNotes.js"}