{"is_source_file": false, "format": "", "description": "", "external_files": [], "external_methods": [], "published": [], "classes": [], "methods": [], "calls": [], "search-terms": [], "state": 2, "file_id": 11, "knowledge_revision": 19, "git_revision": "b9b94d7569c986aa5079501b99a29f20bca1029c", "hash": "d001d53c059625c4bcf75bf5a7f3fcf0", "format-version": 4, "code-base-name": "notes_app_frontend", "filename": "notes_app_frontend/package.json", "revision_history": [{"19": "b9b94d7569c986aa5079501b99a29f20bca1029c"}]}