{"is_source_file": false, "format": "", "description": "", "external_files": [], "external_methods": [], "published": [], "classes": [], "methods": [], "calls": [], "search-terms": [], "state": 2, "file_id": 3, "knowledge_revision": 15, "git_revision": "b9b94d7569c986aa5079501b99a29f20bca1029c", "hash": "d2b40d02d5f7873d8a6713bad837edd4", "format-version": 4, "code-base-name": "notes_app_frontend", "filename": "notes_app_frontend/public/index.html", "revision_history": [{"15": "b9b94d7569c986aa5079501b99a29f20bca1029c"}]}