{"is_source_file": true, "format": "JavaScript (React JSX)", "description": "A React functional component named Input that renders a labeled input field with customizable class names.", "external_files": ["react"], "external_methods": [], "published": ["Input"], "classes": [], "methods": [{"name": "Input({ label, className = \"\", ...props })", "description": "A functional React component that renders a labeled input field with optional className and other props.", "scope": "", "scopeKind": ""}], "calls": ["React"], "search-terms": ["Input", "React", "jsx", "UI component", "labeled input", "props", "className"], "state": 2, "file_id": 26, "knowledge_revision": 70, "git_revision": "4ab1ca9a6f9ece0e25f7639196ceddb6d532b28d", "ctags": [{"_type": "tag", "name": "Input", "path": "/home/kavia/workspace/code-generation/simple-notes-application-304749-304832/notes_app_frontend/src/components/ui/Input.js", "pattern": "/^export function Input({ label, className = \"\", ...props }) {$/", "language": "JavaScript", "kind": "function", "signature": "({ label, className = \"\", ...props })"}, {"_type": "tag", "name": "kv-field ${className}", "path": "/home/kavia/workspace/code-generation/simple-notes-application-304749-304832/notes_app_frontend/src/components/ui/Input.js", "pattern": "/^    <div className={`kv-field ${className}`.trim()}>$/", "language": "JavaScript", "kind": "field", "scope": "Input.AnonymousClass51c5e92c0101", "scopeKind": "class"}], "hash": "af24e3c10f889082ad0f198a516e2a12", "format-version": 4, "code-base-name": "notes_app_frontend", "filename": "notes_app_frontend/src/components/ui/Input.js", "fields": [{"name": "<div className={`kv-field ${className}`.trim()}>", "scope": "Input.AnonymousClass51c5e92c0101", "scopeKind": "class", "description": "unavailable"}], "revision_history": [{"70": "4ab1ca9a6f9ece0e25f7639196ceddb6d532b28d"}]}