{"is_source_file": true, "format": "JavaScript (React JSX)", "description": "A React functional component named EmptyState that renders a visual placeholder with a title, description, and an optional action button.", "external_files": ["./ui/Button"], "external_methods": ["Button (from ./ui/Button)"], "published": ["EmptyState"], "classes": [], "methods": [{"name": "EmptyState({ title, description, actionLabel, onAction })", "description": "A React component that displays an empty state with optional action button.", "scope": "", "scopeKind": ""}], "calls": ["React", "Button"], "search-terms": ["EmptyState", "React component", "empty state UI", "placeholder", "action button"], "state": 2, "file_id": 36, "knowledge_revision": 80, "git_revision": "4ab1ca9a6f9ece0e25f7639196ceddb6d532b28d", "ctags": [{"_type": "tag", "name": "EmptyState", "path": "/home/kavia/workspace/code-generation/simple-notes-application-304749-304832/notes_app_frontend/src/components/EmptyState.js", "pattern": "/^export function EmptyState({ title, description, actionLabel, onAction }) {$/", "language": "JavaScript", "kind": "function", "signature": "({ title, description, actionLabel, onAction })"}], "hash": "c00c0a0ef5fc998e120a458a5a2c2016", "format-version": 4, "code-base-name": "notes_app_frontend", "filename": "notes_app_frontend/src/components/EmptyState.js", "revision_history": [{"80": "4ab1ca9a6f9ece0e25f7639196ceddb6d532b28d"}]}