{"is_source_file": true, "format": "JavaScript", "description": "This file defines custom React hooks for managing notes state in a note-taking application. It provides functionalities for creating, updating, deleting, and searching notes, with persistence to local storage.", "external_files": ["./useLocalStorage", "../utils/uuid"], "external_methods": ["useLocalStorage", "uuidV4"], "published": ["useNotes"], "classes": [], "methods": [{"name": "normalizeNote(note)", "description": "Normalizes a note object by ensuring all necessary fields are initialized, generating a UUID if needed, and setting timestamps.", "scope": "", "scopeKind": ""}, {"name": "seedNotes()", "description": "Creates initial seed notes with default content and timestamps for new notes.", "scope": "", "scopeKind": ""}, {"name": "useNotes()", "description": "Custom React hook managing notes state with CRUD operations, sorting, and searching capabilities, persisted via localStorage.", "scope": "", "scopeKind": ""}], "calls": ["useLocalStorage", "uuidV4", "Date.now", "normalizeNote", "setNotes", "useCallback", "useMemo"], "search-terms": ["useNotes", "notes management", "localStorage notes", "React hook", "note CRUD", "search notes", "notes normalization"], "state": 2, "file_id": 23, "knowledge_revision": 67, "git_revision": "4ab1ca9a6f9ece0e25f7639196ceddb6d532b28d", "ctags": [{"_type": "tag", "name": "STORAGE_KEY", "path": "/home/kavia/workspace/code-generation/simple-notes-application-304749-304832/notes_app_frontend/src/hooks/useNotes.js", "pattern": "/^const STORAGE_KEY = \"ocean-notes:v1\";$/", "language": "JavaScript", "kind": "constant"}, {"_type": "tag", "name": "normalizeNote", "path": "/home/kavia/workspace/code-generation/simple-notes-application-304749-304832/notes_app_frontend/src/hooks/useNotes.js", "pattern": "/^function normalizeNote(note) {$/", "language": "JavaScript", "kind": "function", "signature": "(note)"}, {"_type": "tag", "name": "seedNotes", "path": "/home/kavia/workspace/code-generation/simple-notes-application-304749-304832/notes_app_frontend/src/hooks/useNotes.js", "pattern": "/^function seedNotes() {$/", "language": "JavaScript", "kind": "function", "signature": "()"}, {"_type": "tag", "name": "useNotes", "path": "/home/kavia/workspace/code-generation/simple-notes-application-304749-304832/notes_app_frontend/src/hooks/useNotes.js", "pattern": "/^export function useNotes() {$/", "language": "JavaScript", "kind": "function", "signature": "()"}], "hash": "90446cb191816b7207a36431384464b3", "format-version": 4, "code-base-name": "notes_app_frontend", "filename": "notes_app_frontend/src/hooks/useNotes.js", "revision_history": [{"67": "4ab1ca9a6f9ece0e25f7639196ceddb6d532b28d"}]}