{"is_source_file": true, "format": "JavaScript (React component)", "description": "This file defines a React component named NotesSidebar, which provides a sidebar UI for displaying, searching, and managing a list of notes within a notes application. It handles keyboard navigation, loading/error states, and user interactions like creating new notes and clearing searches.", "external_files": ["./ui/Card", "./ui/Input", "./ui/Button", "./NoteListItem", "./ui/Spinner", "./EmptyState"], "external_methods": ["window.requestAnimationFrame"], "published": ["NotesSidebar"], "classes": [], "methods": [{"name": "NotesSidebar({ notes, selectedNoteId, searchQuery, setSearchQuery, onCreate, onSelect, loading = false, error = null, })", "description": "React functional component rendering the notes sidebar with search, loading states, and note list.", "parameters": ["notes", "selectedNoteId", "searchQuery", "setSearchQuery", "onCreate", "onSelect", "loading", "error"], "scope": "", "scopeKind": ""}], "calls": ["useMemo", "useRef", "notes.some", "notes.findIndex", "window.requestAnimationFrame", "onSelect(next.id)", "setSearchQuery(e.target.value)", "setSearchQuery(\"\")", "onCreate", "onAction", "setSearchQuery", "notes.map"], "search-terms": ["NotesSidebar", "keyboard navigation", "filter notes", "search query", "note list", "roving tabindex", "loading state", "error handling"], "state": 2, "file_id": 38, "knowledge_revision": 89, "git_revision": "e28d3a7d05c21d6cc9b61bdf7b6b59171df63f0b", "revision_history": [{"82": "4ab1ca9a6f9ece0e25f7639196ceddb6d532b28d"}, {"89": "e28d3a7d05c21d6cc9b61bdf7b6b59171df63f0b"}], "ctags": [{"_type": "tag", "name": "NotesSidebar", "path": "/home/kavia/workspace/code-generation/simple-notes-application-304749-304832/notes_app_frontend/src/components/NotesSidebar.js", "pattern": "/^export function NotesSidebar({$/", "language": "JavaScript", "kind": "function", "signature": "({ notes, selectedNoteId, searchQuery, setSearchQuery, onCreate, onSelect, loading = false, error = null, })"}, {"_type": "tag", "name": "searchQuery", "path": "/home/kavia/workspace/code-generation/simple-notes-application-304749-304832/notes_app_frontend/src/components/NotesSidebar.js", "pattern": "/^            value={searchQuery}$/", "language": "JavaScript", "kind": "field", "scope": "NotesSidebar.value", "scopeKind": "class"}], "hash": "bba2e8c5fea58327aedec2689dcf87a0", "format-version": 4, "code-base-name": "notes_app_frontend", "filename": "notes_app_frontend/src/components/NotesSidebar.js", "fields": [{"name": "value={searchQuery}", "scope": "NotesSidebar.value", "scopeKind": "class", "description": "unavailable"}]}