{"is_source_file": false, "format": "", "description": "", "external_files": [], "external_methods": [], "published": [], "classes": [], "methods": [], "calls": [], "search-terms": [], "state": 2, "file_id": 1, "knowledge_revision": 18, "git_revision": "b9b94d7569c986aa5079501b99a29f20bca1029c", "hash": "be6538e7523bc2e9da0743133d784136", "format-version": 4, "code-base-name": "notes_app_frontend", "filename": "notes_app_frontend/eslint.config.mjs", "revision_history": [{"18": "b9b94d7569c986aa5079501b99a29f20bca1029c"}]}