{"is_source_file": false, "format": "", "description": "", "external_files": [], "external_methods": [], "published": [], "classes": [], "methods": [], "calls": [], "search-terms": [], "state": 2, "file_id": 12, "knowledge_revision": 21, "git_revision": "512c8b460223b0da72849b5b074677a6c76d2014", "hash": "d8b32fa0f163ed400917d0ced3aed795", "format-version": 4, "code-base-name": "notes_app_frontend", "filename": "README.md", "revision_history": [{"21": "512c8b460223b0da72849b5b074677a6c76d2014"}]}